Function,Class,ensembl_gene_id,ensembl_transcript_id,chromosome_name,start_position,end_position,strand,transcript_start,transcript_end,Length.AM,EffectiveLength.AM,TPM.AM,NumReads.AM,Length.OF,EffectiveLength.OF,TPM.OF,NumReads.OF,Length.IBM,EffectiveLength.IBM,TPM.IBM,NumReads.IBM,Length.IAM,EffectiveLength.IAM,TPM.IAM,NumReads.IAM,Length.SAM6D,EffectiveLength.SAM6D,TPM.SAM6D,NumReads.SAM6D,Length.SAM17D,EffectiveLength.SAM17D,TPM.SAM17D,NumReads.SAM17D,Length.SAM38D,EffectiveLength.SAM38D,TPM.SAM38D,NumReads.SAM38D,Length.RootTip,EffectiveLength.RootTip,TPM.RootTip,NumReads.RootTip,Length.Callus,EffectiveLength.Callus,TPM.Callus,NumReads.Callus,Length.Hypocotyl,EffectiveLength.Hypocotyl,TPM.Hypocotyl,NumReads.Hypocotyl,Length.Cotyledon,EffectiveLength.Cotyledon,TPM.Cotyledon,NumReads.Cotyledon,Length.Leaf,EffectiveLength.Leaf,TPM.Leaf,NumReads.Leaf,Length.Root,EffectiveLength.Root,TPM.Root,NumReads.Root,Length.Nodule,EffectiveLength.Nodule,TPM.Nodule,NumReads.Nodule
,,GLYMA_01G002100,KRH74146,1,291328,297375,-1,292533,297250,3207,2958,0.835179,107.873,3207,2958,0.651092,82.065,3207,2958,0,0,3207,2958,0,0,3207,2958,0,0,3207,2958,3.524888,472.989,3207,2958,0.121896,15.089,3207,2958,0.082109,23.991,3207,2958,0,0,3207,2958,2.170641,514.076,3207,2958,0,0,3207,2957,0,0,3207,2957,0,0,3207,2957,0,0
,,GLYMA_01G002100,KRH74145,1,291328,297375,-1,291328,297375,4096,3847,10.166688,1707.792,4096,3847,11.093702,1818.51,4096,3847,11.778406,1612.548,4096,3847,9.940766,1725.395,4096,3847,8.948254,1599.419,4096,3847,8.096833,1413.009,4096,3847,5.745906,925.003,4096,3847,6.055558,2301.112,4096,3847,9.251965,1699.513,4096,3847,12.466244,3839.713,4096,3847,6.293037,2092.662,4096,3846,4.882454,114.251,4096,3846,6.893253,179.49,4096,3846,1.926212,48.888
,,GLYMA_01G019400,KRH74432,1,1886628,1890851,-1,1886628,1890851,2359,2110,4.02322,370.672,2359,2110,7.572444,680.825,2359,2110,1.479181,111.073,2359,2110,0,0,2359,2110,2.98328,292.468,2359,2110,7.873006,753.582,2359,2110,3.443632,304.061,2359,2110,3.67986,766.964,2359,2110,6.039812,608.519,2359,2110,8.866408,1497.86,2359,2110,1.003818,183.086,2359,2109,10.540945,135.259,2359,2109,5.246408,74.911,2359,2109,0.577947,8.044
,,GLYMA_01G019400,KRH74435,1,1886628,1890851,-1,1887921,1890811,2553,2304,0.014433,1.452,2553,2304,0.173619,17.045,2553,2304,0.313656,25.718,2553,2304,0.302269,31.421,2553,2304,0.061346,6.567,2553,2304,0.014549,1.521,2553,2304,0,0,2553,2304,0.184011,41.878,2553,2304,0.144012,15.843,2553,2304,0.820391,151.337,2553,2304,0,0,2553,2303,0.748744,10.492,2553,2303,0.593514,9.254,2553,2303,0,0
,,GLYMA_01G019400,KRH74433,1,1886628,1890851,-1,1886628,1890669,2177,1928,3.945653,332.169,2177,1928,0,0,2177,1928,7.650699,524.943,2177,1928,6.009114,522.714,2177,1928,9.399142,841.971,2177,1928,0,0,2177,1928,2.491927,201.05,2177,1928,2.217478,422.307,2177,1928,0.94629,87.116,2177,1928,11.260883,1738.283,2177,1928,2.098637,349.753,2177,1927,11.828802,138.686,2177,1927,22.566715,294.413,2177,1927,1.890763,24.044
,,GLYMA_01G019400,KRH74434,1,1886628,1890851,-1,1887049,1889993,1080,831,22.514233,816.943,1080,831,35.850834,1269.455,1080,831,26.681081,789.057,1080,831,20.735453,777.43,1080,831,25.081359,968.398,1080,831,26.514627,999.526,1080,831,29.093086,1011.703,1080,831,16.122488,1323.41,1080,831,17.719987,703.125,1080,831,88.717989,5902.74,1080,831,4.029864,289.473,1080,830,6.167892,31.148,1080,830,0,0,1080,830,0,0
,,GLYMA_01G039300,KRH74730,1,4256747,4258161,-1,4256747,4258161,486,237,4.062141,42.037,486,237,0.862417,8.709,486,237,11.065203,93.328,486,237,0.376722,4.028,486,237,1.412175,15.55,486,237,4.055776,43.604,486,237,3.083131,30.578,486,237,0.976175,22.853,486,237,0,0,486,237,1.387266,26.324,486,237,0,0,486,236,0,0,486,236,0,0,486,236,0,0
,,GLYMA_01G098000,KRH75635,1,32569826,32573493,-1,32569826,32573493,951,702,68.216252,2091.021,951,702,51.350688,1536.033,951,702,96.27502,2405.219,951,702,53.553189,1696.169,951,702,101.53884,3311.852,951,702,108.035003,3440.401,951,702,57.568952,1691.172,951,702,32.628226,2262.518,951,702,3.602672,120.762,951,702,172.112449,9673.65,951,702,78.301786,4751.441,951,701,72.181052,307.859,951,701,53.72897,254.996,951,701,22.341412,103.352
,,GLYMA_01G103500,KRH75716,1,34600880,34605669,-1,34600880,34605657,3056,2807,23.365836,2863.895,3056,2807,7.195187,860.6,3056,2807,28.240802,2821.131,3056,2807,14.13592,1790.248,3056,2807,26.594544,3468.459,3056,2807,33.652046,4285.105,3056,2807,16.405528,1927.058,3056,2807,4.918282,1363.695,3056,2807,1.091669,146.319,3056,2807,2.353419,528.911,3056,2807,2.088168,506.669,3056,2806,0,0,3056,2806,0,0,3056,2806,0,0
,,GLYMA_01G103500,KRH75717,1,34600880,34605669,-1,34600880,34605669,3068,2819,0,0,3068,2819,0,0,3068,2819,0,0,3068,2819,0,0,3068,2819,0,0,3068,2819,0,0,3068,2819,0,0,3068,2819,0,0,3068,2819,0,0,3068,2819,0,0,3068,2819,0,0,3068,2818,34.272015,587.613,3068,2818,229.534254,4379.21,3068,2818,84.12323,1564.397
,,GLYMA_02G000500,KRH69048,2,56569,58453,-1,56569,58453,1159,910,26.459121,1051.357,1159,910,33.054283,1281.699,1159,910,11.978024,387.91,1159,910,14.316242,587.783,1159,910,23.099767,976.676,1159,910,22.503421,928.961,1159,910,43.447162,1654.493,1159,910,28.392084,2552.114,1159,910,1.464937,63.654,1159,910,104.808194,7636.205,1159,910,6.330986,498,1159,909,6.870823,38,1159,909,11.532303,70.972,1159,909,0.666816,4
IAA20/30,C,GLYMA_02G007300,KRH69143,2,761828,763421,1,761828,763421,1106,857,0.080169,3,1106,857,0.985836,36,1106,857,0.545382,16.634,1106,857,1.08623,42,1106,857,0.326483,13,1106,857,0.180057,7,1106,857,0.724987,26,1106,857,0.024311,2.058,1106,857,0,0,1106,857,0.488355,33.509,1106,857,0,0,1106,856,0.192088,1,1106,856,0.172552,1,1106,856,0,0
,,GLYMA_02G065300,KRH70053,2,5811685,5815085,-1,5811685,5815085,2808,2559,7.99882,893.778,2808,2559,6.497067,708.443,2808,2559,11.836297,1077.929,2808,2559,7.759699,895.905,2808,2559,13.173016,1566.236,2808,2559,15.326832,1779.222,2808,2559,6.586761,705.35,2808,2559,3.848179,972.718,2808,2559,4.667032,570.268,2808,2559,4.642003,951.079,2808,2559,1.251193,276.765,2808,2558,2.261619,35.199,2808,2558,3.118045,54,2808,2558,2.25109,38
,,GLYMA_02G142400,KRH71336,2,14688639,14689877,-1,14688639,14689877,481,232,44.165173,447.405,481,232,2066.318483,20426.893,481,232,104.479271,862.625,481,232,271.914366,2846.209,481,232,28.522683,307.454,481,232,37.653739,396.281,481,232,34.114518,331.199,481,232,145.702794,3339.007,481,232,5.753257,63.734,481,232,220.80524,4101.459,481,232,81.653889,1637.5,481,231,15.165584,21.315,481,231,55.913126,87.445,481,231,0,0
,,GLYMA_02G142500,KRH71337,2,14690185,14691925,-1,14690185,14691925,707,458,14.68807,293.74,707,458,529.887081,10341.08,707,458,28.516509,464.8,707,458,73.110411,1510.746,707,458,7.356839,156.552,707,458,6.637677,137.908,707,458,7.455989,142.9,707,458,43.238091,1956.111,707,458,1.051705,23,707,458,114.709942,4206.37,707,458,0.202364,8.012,707,457,20.562404,57.174,707,457,67.38361,208.486,707,457,1.533396,4.624
,,GLYMA_02G142600,KRH71339,2,14709703,14711363,1,14709827,14710517,459,210,7.183183,65.867,459,210,123.498739,1105.093,459,210,33.350047,249.241,459,210,59.346739,562.293,459,210,0,0,459,210,4.404992,41.964,459,210,1.801174,15.828,459,210,24.031058,498.487,459,210,0,0,459,210,28.247052,474.934,459,210,8.6071,156.24,459,209,0,0,459,209,0,0,459,209,0,0
,,GLYMA_02G142600,KRH71338,2,14709703,14711363,1,14709703,14711363,1201,952,4.368019,181.574,1201,952,80.689917,3273.206,1201,952,21.442406,726.464,1201,952,19.626818,843.011,1201,952,2.986723,132.109,1201,952,4.786668,206.718,1201,952,1.771882,70.589,1201,952,19.235016,1808.802,1201,952,0.679705,30.898,1201,952,13.590338,1035.877,1201,952,5.923423,487.446,1201,951,7.348507,42.52,1201,951,2.26301,14.57,1201,951,6.204933,38.941
,,GLYMA_02G152800,KRH71533,2,15691669,15694939,1,15691669,15694939,2730,2481,0,0,2730,2481,0,0,2730,2481,0,0,2730,2481,0,0,2730,2481,0,0,2730,2481,0,0,2730,2481,0,0,2730,2481,0.555477,136.13,2730,2481,0,0,2730,2481,0.678318,134.741,2730,2481,0,0,2730,2480,12.73833,192.21,2730,2480,6.077747,102.047,2730,2480,3.294737,53.922
,,GLYMA_02G152800,KRH71534,2,15691669,15694939,1,15691678,15694938,2720,2471,22.069192,2381.182,2720,2471,16.181094,1703.718,2720,2471,22.849022,2009.297,2720,2471,21.004047,2341.652,2720,2471,29.352679,3369.94,2720,2471,33.91753,3801.933,2720,2471,17.176745,1776.135,2720,2471,12.164769,2969.191,2720,2471,17.838179,2104.706,2720,2471,20.202937,3996.945,2720,2471,15.200032,3246.638,2720,2470,0,0,2720,2470,0,0,2720,2470,0,0
,,GLYMA_02G211800,KRH72427,2,39709361,39712971,-1,39709361,39712971,3364,3115,6.980034,949.399,3364,3115,4.636579,615.422,3364,3115,6.30084,698.49,3364,3115,4.172037,586.345,3364,3115,6.035692,873.548,3364,3115,6.666122,941.974,3364,3115,3.481629,453.84,3364,3115,4.636747,1426.701,3364,3115,3.870939,575.761,3364,3115,8.454756,2108.629,3364,3115,2.524239,679.681,3364,3114,3.862472,73.18,3364,3114,10.151753,214.026,3364,3114,2.347075,48.232
,,GLYMA_02G218100,KRH72524,2,40542301,40547137,1,40542301,40547137,2642,2393,17.716071,1851.158,2642,2393,33.160657,3381.294,2642,2393,19.529546,1663.178,2642,2393,9.402713,1015.179,2642,2393,41.927213,4661.657,2642,2393,45.314711,4919.143,2642,2393,22.468515,2249.983,2642,2393,18.464959,4364.681,2642,2393,2.488369,284.332,2642,2393,19.884609,3809.787,2642,2393,6.034739,1248.297,2642,2392,16.892251,245.844,2642,2392,63.329908,1025.598,2642,2392,5.701698,90.003
,,GLYMA_02G218100,KRH72525,2,40542301,40547137,1,40542301,40547137,NA,NA,NA,NA,NA,NA,NA,NA,NA,NA,NA,NA,NA,NA,NA,NA,NA,NA,NA,NA,NA,NA,NA,NA,NA,NA,NA,NA,NA,NA,NA,NA,NA,NA,NA,NA,NA,NA,NA,NA,NA,NA,NA,NA,NA,NA,NA,NA,NA,NA,NA,NA,NA,NA,NA,NA
,,GLYMA_02G218100,KRH72526,2,40542301,40547137,1,40543409,40544477,894,645,58.683503,1652.757,894,645,91.01578,2501.459,894,645,50.038109,1148.589,894,645,54.923525,1598.324,894,645,79.581114,2384.907,894,645,54.407495,1591.937,894,645,42.568039,1148.962,894,645,25.887821,1649.365,894,645,6.383128,196.59,894,645,51.413131,2655.062,894,645,8.588162,478.825,894,644,0,0,894,644,0,0,894,644,0,0
,,GLYMA_02G218100,KRH72523,2,40542301,40547137,1,40542301,40547137,NA,NA,NA,NA,NA,NA,NA,NA,NA,NA,NA,NA,NA,NA,NA,NA,NA,NA,NA,NA,NA,NA,NA,NA,NA,NA,NA,NA,NA,NA,NA,NA,NA,NA,NA,NA,NA,NA,NA,NA,NA,NA,NA,NA,NA,NA,NA,NA,NA,NA,NA,NA,NA,NA,NA,NA
,,GLYMA_02G239600,KRH72897,2,42813400,42824492,-1,42813400,42824492,4006,3757,2.909794,477.35,4006,3757,0,0,4006,3757,2.596753,347.197,4006,3757,0,0,4006,3757,0.776824,135.602,4006,3757,0,0,4006,3757,0.721851,113.488,4006,3757,0,0,4006,3757,0,0,4006,3757,1.008252,303.285,4006,3757,0,0,4006,3756,0,0,4006,3756,0,0,4006,3756,0,0
,,GLYMA_02G239600,KRH72899,2,42813400,42824492,-1,42813400,42824492,4002,3753,0,0,4002,3753,0,0,4002,3753,0,0,4002,3753,0.218475,36.994,4002,3753,0,0,4002,3753,1.122301,191.071,4002,3753,0,0,4002,3753,0.370842,137.477,4002,3753,0.023152,4.149,4002,3753,0,0,4002,3753,0.01194,3.873,4002,3752,1.161476,26.515,4002,3752,0.157309,3.996,4002,3752,0,0
,,GLYMA_02G239600,KRH72900,2,42813400,42824492,-1,42814137,42823874,2370,2121,13.757865,1274.163,2370,2121,13.859804,1252.607,2370,2121,7.354321,555.12,2370,2121,8.771196,839.356,2370,2121,0,0,2370,2121,11.829332,1138.173,2370,2121,13.561473,1203.676,2370,2121,6.099923,1277.987,2370,2121,1.55181,157.162,2370,2121,33.826894,5744.388,2370,2121,14.166313,2597.252,2370,2120,0,0,2370,2120,0,0,2370,2120,0,0
,,GLYMA_02G239600,KRH72896,2,42813400,42824492,-1,42813400,42824492,3532,3283,18.062407,2589.285,3532,3283,8.153791,1140.637,3532,3283,25.144304,2937.747,3532,3283,22.217284,3290.853,3532,3283,22.517324,3434.704,3532,3283,12.659333,1885.338,3532,3283,10.229414,1405.348,3532,3283,6.595787,2138.942,3532,3283,2.716798,425.889,3532,3283,16.326781,4291.533,3532,3283,17.054927,4839.91,3532,3282,21.320212,425.737,3532,3282,7.310538,162.441,3532,3282,0.657995,14.251
,,GLYMA_02G239600,KRH72898,2,42813400,42824492,-1,42813770,42823152,2292,2043,37.168779,3315.736,2292,2043,5.439277,473.507,2292,2043,51.089719,3714.546,2292,2043,41.924483,3864.406,2292,2043,52.87285,5018.833,2292,2043,68.490459,6347.548,2292,2043,26.447317,2261.061,2292,2043,6.308382,1273.057,2292,2043,6.139986,598.969,2292,2043,23.9867,3923.556,2292,2043,0,0,2292,2042,0,0,2292,2042,3.626608,50.138,2292,2042,0,0
,,GLYMA_02G281700,KRH73579,2,46401584,46410932,1,46401584,46410932,5410,5161,0.033496,7.548,5410,5161,0,0,5410,5161,0.116507,21.399,5410,5161,0,0,5410,5161,0,0,5410,5161,0,0,5410,5161,0,0,5410,5161,0.042072,21.448,5410,5161,0,0,5410,5161,0,0,5410,5161,0,0,5410,5160,0,0,5410,5160,0.060122,2.1,5410,5160,0,0
,,GLYMA_02G281700,KRH73577,2,46401584,46410932,1,46401889,46410932,3559,3310,20.402659,2948.819,3559,3310,13.073416,1843.886,3559,3310,21.247472,2502.875,3559,3310,16.086843,2402.401,3559,3310,15.922192,2448.683,3559,3310,25.286879,3796.914,3559,3310,14.471819,2004.534,3559,3310,7.104116,2322.734,3559,3310,9.899494,1564.621,3559,3310,17.368718,4602.955,3559,3310,10.711722,3064.812,3559,3309,10.329377,207.961,3559,3309,3.938563,88.235,3559,3309,3.205269,69.992
,,GLYMA_02G281700,KRH73578,2,46401584,46410932,1,46401584,46410932,3864,3615,0,0,3864,3615,0,0,3864,3615,0,0,3864,3615,0,0,3864,3615,0,0,3864,3615,0,0,3864,3615,0,0,3864,3615,0,0,3864,3615,0,0,3864,3615,0,0,3864,3615,0,0,3864,3614,0.349353,7.682,3864,3614,3.61575,88.47,3864,3614,0,0
,,GLYMA_03G070500,KRH65921,3,16766136,16770934,-1,16766136,16770934,3023,2774,14.963834,1812.519,3023,2774,9.149436,1081.478,3023,2774,18.303006,1806.894,3023,2774,10.014337,1253.358,3023,2774,21.230577,2736.339,3023,2774,13.709403,1725.173,3023,2774,9.639602,1118.994,3023,2774,6.361899,1743.23,3023,2774,2.603449,344.845,3023,2774,4.159165,923.748,3023,2774,6.335987,1519.278,3023,2773,42.803542,722.172,3023,2773,126.598709,2376.766,3023,2773,27.491901,503.089
,,GLYMA_03G070500,KRH65922,3,16766136,16770934,-1,16766692,16770465,2076,1827,45.008611,3590.604,2076,1827,32.497606,2529.921,2076,1827,42.192675,2743.339,2076,1827,40.924358,3373.394,2076,1827,47.672295,4046.749,2076,1827,55.806546,4625.208,2076,1827,37.757871,2886.744,2076,1827,8.439588,1523.075,2076,1827,0.68589,59.836,2076,1827,7.071054,1034.341,2076,1827,8.282666,1308.053,2076,1826,8.647167,96.07,2076,1826,43.277837,535.024,2076,1826,3.279099,39.513
,,GLYMA_03G158600,KRH67288,3,37387584,37389357,-1,37387584,37389357,1245,996,2.123764,92.363,1245,996,36.369667,1543.532,1245,996,3.178334,112.658,1245,996,8.342818,374.903,1245,996,0.658302,30.464,1245,996,1.374,62.08,1245,996,0.983934,41.01,1245,996,4.802952,472.53,1245,996,0.021027,1,1245,996,15.909252,1268.674,1245,996,0.098736,8.501,1245,995,2.348194,14.216,1245,995,2.886897,19.447,1245,995,0,0
,,GLYMA_03G158700,KRH67289,3,37402403,37406031,1,37402403,37406031,1350,1101,62.978354,3027.694,1350,1101,188.282417,8833.12,1350,1101,50.273803,1969.849,1350,1101,63.415971,3150.16,1350,1101,20.163323,1031.457,1350,1101,39.919056,1993.77,1350,1101,73.535631,3388.031,1350,1101,93.913232,10213.523,1350,1101,0.583159,30.658,1350,1101,382.933284,33756.033,1350,1101,11.797675,1122.795,1350,1100,6.250057,41.83,1350,1100,14.892682,110.911,1350,1100,2.016265,14.636
,,GLYMA_03G167400,KRH67463,3,38174406,38178950,1,38175542,38178950,1071,822,0,0,1071,822,0,0,1071,822,1.074198,31.424,1071,822,2.669419,99,1071,822,0,0,1071,822,1.411506,52.633,1071,822,0,0,1071,822,0,0,1071,822,0.66242,26,1071,822,0,0,1071,822,0,0,1071,821,0,0,1071,821,0,0,1071,821,0,0
,,GLYMA_03G167400,KRH67461,3,38174406,38178950,1,38174604,38178885,1190,941,0.757969,31.144,1190,941,0.199519,8,1190,941,1.015067,33.993,1190,941,0,0,1190,941,1.618781,70.775,1190,941,0,0,1190,941,0.856246,33.717,1190,941,0.331675,30.829,1190,941,0,0,1190,941,0.945974,71.271,1190,941,0,0,1190,940,0,0,1190,940,0,0,1190,940,0,0
,,GLYMA_03G167400,KRH67462,3,38174406,38178950,1,38174406,38178950,1450,1201,0,0,1450,1201,0,0,1450,1201,0.184457,7.884,1450,1201,0,0,1450,1201,0,0,1450,1201,0.193712,10.554,1450,1201,0.060647,3.048,1450,1201,0.101618,12.055,1450,1201,0,0,1450,1201,0,0,1450,1201,0,0,1450,1200,0.410893,3,1450,1200,0.246174,2,1450,1200,1.305593,10.339
,,GLYMA_03G208800,KRH68102,3,41564516,41575322,-1,41564516,41575322,8377,8128,0.141022,50.05,8377,8128,0.028981,10.037,8377,8128,0.139781,40.433,8377,8128,0.03545,13,8377,8128,0.921585,348.033,8377,8128,0.648135,238.977,8377,8128,0.172108,58.539,8377,8128,0.017437,14,8377,8128,0,0,8377,8128,0,0,8377,8128,0,0,8377,8127,0,0,8377,8127,0,0,8377,8127,0,0
,,GLYMA_03G209400,KRH68108,3,41624403,41628209,1,41624403,41628209,2422,2173,25.967032,2463.856,2422,2173,26.377921,2442.403,2422,2173,20.719333,1602.284,2422,2173,14.286116,1400.621,2422,2173,28.476275,2875.044,2422,2173,25.128377,2477.032,2422,2173,20.548182,1868.51,2422,2173,9.445604,2027.454,2422,2173,11.542469,1197.641,2422,2173,20.867913,3630.611,2422,2173,22.549691,4235.619,2422,2172,26.686917,352.671,2422,2172,5.465411,80.369,2422,2172,1.007309,14.438
IAA20/30,C,GLYMA_03G224800,KRH68346,3,42715025,42716552,-1,42715025,42716552,1165,916,0.425031,17,1165,916,0.594045,23.186,1165,916,0.092028,3,1165,916,0.411346,17,1165,916,4.402409,187.365,1165,916,1.925249,80,1165,916,0.860907,33,1165,916,2.636044,238.512,1165,916,0,0,1165,916,0.202949,14.884,1165,916,0.479923,38,1165,915,0.280731,1.563,1165,915,0.900156,5.576,1165,915,0,0
,,GLYMA_03G247400,KRH68738,3,44423506,44426121,1,44423506,44426121,1202,953,123.752976,5149.699,1202,953,182.226043,7399.807,1202,953,136.882838,4642.434,1202,953,143.672394,6177.501,1202,953,75.229555,3331.065,1202,953,108.926253,4709.047,1202,953,87.081914,3472.827,1202,953,68.294552,6428.956,1202,953,65.420159,2976.958,1202,953,215.724837,16460.159,1202,953,100.483878,8277.627,1202,952,178.440543,1033.574,1202,952,98.055423,631.998,1202,952,5.415049,34.02
,,GLYMA_03G258300,KRH68924,3,45279918,45284681,1,45279918,45284681,2898,2649,4.339987,502,2898,2649,3.166519,357.422,2898,2649,4.274833,403,2898,2649,2.409705,288,2898,2649,4.103059,505,2898,2649,6.653272,799.512,2898,2649,3.223339,357.314,2898,2649,0.821665,215,2898,2649,4.490535,568,2898,2649,7.628789,1618,2898,2649,10.969361,2511.77,2898,2648,17.87578,288.001,2898,2648,13.94488,250,2898,2648,4.864193,85
IAA29?,C,GLYMA_04G066300,KRH61758,4,5525939,5528040,1,5525939,5528040,1476,1227,2.08014,111.448,1476,1227,0.937205,49,1476,1227,0.439972,19.212,1476,1227,0.518759,28.718,1476,1227,0.837861,47.766,1476,1227,2.294509,127.715,1476,1227,1.30791,67.156,1476,1227,0.169127,20.498,1476,1227,0.02174,1.274,1476,1227,3.890246,382.175,1476,1227,1.357692,144,1476,1226,1.186399,8.85,1476,1226,0.879363,7.299,1476,1226,0,0
,,GLYMA_04G089900,KRH62157,4,7892815,7897607,-1,7892815,7897607,2778,2529,16.622062,1835.554,2778,2529,10.753816,1158.853,2778,2529,20.62985,1856.73,2778,2529,15.766341,1798.98,2778,2529,22.072044,2593.54,2778,2529,30.416949,3489.571,2778,2529,16.406402,1736.299,2778,2529,5.789791,1446.349,2778,2529,10.68533,1290.343,2778,2529,42.112058,8527,2778,2529,13.451751,2940.656,2778,2528,10.31069,158.59,2778,2528,14.19532,242.957,2778,2528,6.347293,105.89
,,GLYMA_04G093500,KRH62206,4,8293640,8296647,1,8293640,8296647,2845,2596,20.846527,2363.044,2845,2596,19.458989,2152.494,2845,2596,18.43125,1702.799,2845,2596,12.747583,1493.067,2845,2596,21.089969,2543.796,2845,2596,25.708671,3027.554,2845,2596,15.267589,1658.584,2845,2596,4.329313,1110.159,2845,2596,8.446758,1047.039,2845,2596,16.720706,3475.364,2845,2596,4.938035,1108.091,2845,2595,5.368235,84.758,2845,2595,9.993343,175.572,2845,2595,1.344543,23.025
,,GLYMA_04G200600,KRH63855,4,47316151,47321158,-1,47316151,47321158,3594,3345,59.132821,8636.903,3594,3345,34.77695,4956.838,3594,3345,104.014185,12382.051,3594,3345,54.023677,8153.178,3594,3345,40.0361,6222.28,3594,3345,67.500984,10242.684,3594,3345,33.565553,4698.423,3594,3345,5.893899,1947.423,3594,3345,5.088175,812.693,3594,3345,13.614824,3646.273,3594,3345,15.036259,4347.629,3594,3344,22.636836,460.567,3594,3344,12.527492,283.621,3594,3344,10.758737,237.42
,,GLYMA_04G200600,KRH63856,4,47316151,47321158,-1,47317149,47321158,2705,2456,26.73452,2867.042,2705,2456,16.607927,1738.044,2705,2456,13.127561,1147.404,2705,2456,37.897829,4199.42,2705,2456,0,0,2705,2456,68.231384,7601.864,2705,2456,19.768642,2031.737,2705,2456,0,0,2705,2456,7.291077,855.044,2705,2456,4.497224,884.329,2705,2456,1.352247,287.079,2705,2455,0,0,2705,2455,4.688822,77.933,2705,2455,1.582784,25.643
,,GLYMA_04G254200,KRH64757,4,52092830,52097184,1,52092830,52097184,3472,3223,6.158024,866.633,3472,3223,1.740286,239,3472,3223,7.621131,874.145,3472,3223,4.751942,691,3472,3223,5.288874,792,3472,3223,6.771227,990,3472,3223,5.649792,762,3472,3223,1.658487,528,3472,3223,2.313244,356,3472,3223,3.417963,882,3472,3223,1.952639,544,3472,3222,3.264723,64,3472,3222,0.916848,20,3472,3222,1.975302,42
,,GLYMA_05G200800,KRH59742,5,38463201,38468505,1,38463201,38468505,3971,3722,23.736932,3857.752,3971,3722,7.300337,1157.808,3971,3722,33.516112,4439.498,3971,3722,13.387625,2248.157,3971,3722,31.857638,5509.239,3971,3722,31.063118,5244.8,3971,3722,16.461606,2563.957,3971,3722,4.197497,1543.221,3971,3722,4.368482,776.381,3971,3722,20.950298,6243.204,3971,3722,21.693739,6979.549,3971,3721,44.030052,996.827,3971,3721,25.338768,638.341,3971,3721,21.300657,523.05
,,GLYMA_05G200800,KRH59745,5,38463201,38468505,1,38463500,38467143,2409,2160,106.794815,10072.5,2409,2160,41.848269,3851.663,2409,2160,89.149798,6852.957,2409,2160,90.20675,8791.023,2409,2160,75.216825,7548.669,2409,2160,290.33667,28448.749,2409,2160,100.526085,9086.461,2409,2160,3.924654,837.368,2409,2160,25.977418,2679.279,2409,2160,38.494199,6657.175,2409,2160,25.580965,4776.252,2409,2159,0,0,2409,2159,0,0,2409,2159,0,0
,,GLYMA_05G200800,KRH59743,5,38463201,38468505,1,38463201,38468505,NA,NA,NA,NA,NA,NA,NA,NA,NA,NA,NA,NA,NA,NA,NA,NA,NA,NA,NA,NA,NA,NA,NA,NA,NA,NA,NA,NA,NA,NA,NA,NA,NA,NA,NA,NA,NA,NA,NA,NA,NA,NA,NA,NA,NA,NA,NA,NA,NA,NA,NA,NA,NA,NA,NA,NA
,,GLYMA_05G200800,KRH59746,5,38463201,38468505,1,38463201,38466906,2553,2304,0,0,2553,2304,7.085473,695.614,2553,2304,2.971384,243.638,2553,2304,0.501115,52.091,2553,2304,0.071856,7.692,2553,2304,31.068197,3247.178,2553,2304,0.871983,84.072,2553,2304,0.026667,6.069,2553,2304,0,0,2553,2304,0.201144,37.105,2553,2304,0,0,2553,2303,41.942957,587.711,2553,2303,37.278468,581.245,2553,2303,9.539917,144.987
,,GLYMA_05G200800,KRH59744,5,38463201,38468505,1,38463500,38467143,NA,NA,NA,NA,NA,NA,NA,NA,NA,NA,NA,NA,NA,NA,NA,NA,NA,NA,NA,NA,NA,NA,NA,NA,NA,NA,NA,NA,NA,NA,NA,NA,NA,NA,NA,NA,NA,NA,NA,NA,NA,NA,NA,NA,NA,NA,NA,NA,NA,NA,NA,NA,NA,NA,NA,NA
,,GLYMA_05G221300,KRH60118,5,40073989,40080807,-1,40073989,40080807,4320,4071,1.965651,349.415,4320,4071,1.135932,197.047,4320,4071,3.645584,528.168,4320,4071,3.817258,701.131,4320,4071,3.436221,649.956,4320,4071,4.684826,865.171,4320,4071,1.044273,177.901,4320,4071,0,0,4320,4071,5.350226,1040.02,4320,4071,0,0,4320,4071,0,0,4320,4070,1.095481,27.128,4320,4070,3.834565,105.662,4320,4070,0.815351,21.899
,,GLYMA_05G221300,KRH60117,5,40073989,40080807,-1,40074654,40080527,3300,3051,2.423506,322.864,3300,3051,4.725211,614.3,3300,3051,3.68051,399.626,3300,3051,3.187878,438.824,3300,3051,0,0,3300,3051,5.701825,789.157,3300,3051,2.135538,272.654,3300,3051,0.208647,62.88,3300,3051,13.489484,1965.196,3300,3051,1.536381,375.303,3300,3051,1.988134,524.33,3300,3050,0,0,3300,3050,0,0,3300,3050,0,0
,,GLYMA_05G221300,KRH60116,5,40073989,40080807,-1,40073989,40080807,4218,3969,1.523845,264.092,4218,3969,0.679327,114.889,4218,3969,2.978405,420.696,4218,3969,0,0,4218,3969,0,0,4218,3969,0.655943,118.101,4218,3969,0.702173,116.624,4218,3969,0.568936,223.052,4218,3969,0,0,4218,3969,1.605076,510.056,4218,3969,0.22693,77.856,4218,3968,3.260319,78.712,4218,3968,2.29521,61.66,4218,3968,0,0
,,GLYMA_05G229300,KRH60250,5,40691687,40694739,-1,40691687,40694739,1544,1295,18.153737,1026.524,1544,1295,8.425413,464.92,1544,1295,16.708736,770.047,1544,1295,21.08926,1232.19,1544,1295,11.588323,697.256,1544,1295,12.152515,713.91,1544,1295,17.072339,925.177,1544,1295,26.133097,3342.89,1544,1295,2.064005,127.629,1544,1295,32.458291,3365.398,1544,1295,1.987685,222.502,1544,1294,14.611019,115.034,1544,1294,10.990872,96.288,1544,1294,3.455519,29.508
IAA29?,C,GLYMA_06G067700,KRH52428,6,5171385,5173237,1,5171385,5173237,1224,975,3.500793,149.041,1224,975,0.890595,37,1224,975,1.6078,55.788,1224,975,0.688384,30.282,1224,975,2.058109,93.234,1224,975,4.460483,197.285,1224,975,4.603949,187.844,1224,975,3.815867,367.502,1224,975,1.239941,57.726,1224,975,5.55582,433.704,1224,975,0.878032,74,1224,974,2.894009,17.15,1224,974,1.167827,7.701,1224,974,0,0
,,GLYMA_06G091700,KRH52867,6,7220391,7223432,-1,7220391,7223432,1095,846,120.096829,4436.446,1095,846,73.349658,2644.147,1095,846,112.799969,3396.122,1095,846,80.928913,3089.02,1095,846,229.139072,9006.813,1095,846,393.546142,15103.359,1095,846,181.391747,6421.701,1095,846,14.116324,1179.651,1095,846,71.756006,2898.657,1095,846,118.32899,8014.981,1095,846,123.198735,9009.344,1095,845,45.78859,235.41,1095,845,20.983248,120.043,1095,845,22.794609,127.11
,,GLYMA_06G095400,KRH52925,6,7530783,7533737,1,7530783,7533737,2730,2481,16.624289,1800.956,2730,2481,16.028732,1694.506,2730,2481,13.117567,1158.201,2730,2481,15.517072,1736.933,2730,2481,17.568729,2025.204,2730,2481,22.163578,2494.446,2730,2481,11.157726,1158.416,2730,2481,3.675868,900.841,2730,2481,12.838756,1520.961,2730,2481,17.361197,3448.636,2730,2481,9.842971,2110.909,2730,2480,8.101368,122.242,2730,2480,7.946719,133.428,2730,2480,7.208545,117.975
,,GLYMA_06G164900,KRH54111,6,13670852,13675929,1,13670852,13675232,3090,2841,78.161251,9696.077,3090,2841,91.333242,11056.487,3090,2841,95.846621,9690.628,3090,2841,102.461124,13133.394,3090,2841,38.298793,5055.428,3090,2841,237.526834,30611.982,3090,2841,76.153152,9053.601,3090,2841,1.569549,440.461,3090,2841,6.048278,820.486,3090,2841,18.983798,4318.126,3090,2841,29.653419,7282.2,3090,2840,3.67476,63.498,3090,2840,1.606524,30.89,3090,2840,0,0
,,GLYMA_06G164900,KRH54110,6,13670852,13675929,1,13670852,13675929,3678,3429,62.736767,9393.403,3678,3429,31.362845,4582.474,3678,3429,104.850125,12795.001,3678,3429,56.712867,8773.961,3678,3429,48.102339,7663.644,3678,3429,51.456817,8004.2,3678,3429,31.907033,4578.425,3678,3429,1.621706,549.289,3678,3429,8.665198,1418.777,3678,3429,13.61886,3738.946,3678,3429,14.695636,4355.845,3678,3428,27.39663,571.411,3678,3428,14.501406,336.557,3678,3428,9.673077,218.824
,,GLYMA_07G015200,KRH47203,7,1195863,1199570,1,1195863,1199570,2031,1782,5.794669,450.889,2031,1782,13.891205,1054.787,2031,1782,11.379673,721.675,2031,1782,8.566558,688.749,2031,1782,2.174033,180.001,2031,1782,5.364406,433.647,2031,1782,5.111495,381.169,2031,1782,1.35115,237.833,2031,1782,0.351099,29.875,2031,1782,1.457968,208.016,2031,1782,0,0,2031,1781,1.073099,11.628,2031,1781,0.70718,8.527,2031,1781,0.255251,3
,,GLYMA_07G018100,KRH47242,7,1442368,1445430,-1,1442368,1445430,1303,1054,0.192267,8.849,1303,1054,0.082619,3.711,1303,1054,0.880482,33.027,1303,1054,0.914665,43.496,1303,1054,0.449753,22.025,1303,1054,0.522868,25,1303,1054,0.338083,14.912,1303,1054,0.033835,3.523,1303,1054,0.377607,19.004,1303,1054,0.669649,56.51,1303,1054,0,0,1303,1053,0.167713,1.075,1303,1053,0.28054,2,1303,1053,0.431721,3
,,GLYMA_07G034200,KRH47514,7,2691220,2695027,-1,2691220,2695027,1015,766,7.74491,259.047,1015,766,24.557366,801.544,1015,766,12.198858,332.546,1015,766,23.786801,822.075,1015,766,1.345713,47.894,1015,766,0.847947,29.465,1015,766,2.002922,64.203,1015,766,5.13073,388.212,1015,766,0,0,1015,766,156.625749,9605.786,1015,766,2.026657,134.192,1015,765,3.493091,16.259,1015,765,6.730978,34.862,1015,765,0,0
,,GLYMA_07G054800,KRH47895,7,4807176,4812376,-1,4807469,4811389,2064,1815,25.597646,2028.663,2064,1815,21.589312,1669.677,2064,1815,16.960512,1095.518,2064,1815,16.512749,1352.205,2064,1815,59.556245,5022.334,2064,1815,27.761288,2285.724,2064,1815,23.940417,1818.321,2064,1815,1.972203,353.582,2064,1815,0,0,2064,1815,23.794879,3457.81,2064,1815,0.026187,4.108,2064,1814,3.00183,33.131,2064,1814,0,0,2064,1814,0,0
,,GLYMA_07G054800,KRH47893,7,4807176,4812376,-1,4807469,4811750,2151,1902,5.843258,485.287,2151,1902,8.903698,721.602,2151,1902,10.375662,702.312,2151,1902,0,0,2151,1902,4.33353,382.96,2151,1902,10.794896,931.401,2151,1902,0,0,2151,1902,0,0,2151,1902,0,0,2151,1902,13.29852,2025.139,2151,1902,0,0,2151,1901,0,0,2151,1901,1.404485,18.076,2151,1901,0,0
,,GLYMA_07G054800,KRH47894,7,4807176,4812376,-1,4807176,4812376,3335,3086,0.040234,5.422,3335,3086,3.442882,452.726,3335,3086,0.673144,73.928,3335,3086,0,0,3335,3086,1.746042,250.353,3335,3086,0.171767,24.046,3335,3086,0,0,3335,3086,0.122256,37.267,3335,3086,0,0,3335,3086,6.286219,1553.196,3335,3086,0,0,3335,3085,3.085778,57.92,3335,3085,0.532261,11.117,3335,3085,0,0
,,GLYMA_07G054800,KRH47892,7,4807176,4812376,-1,4807176,4812376,3061,2812,16.708991,2051.629,3061,2812,2.986484,357.843,3061,2812,21.181261,2119.683,3061,2812,6.034517,765.604,3061,2812,28.777046,3759.786,3061,2812,25.395101,3239.461,3061,2812,15.547285,1829.499,3061,2812,7.465424,2073.63,3061,2812,0.950639,127.644,3061,2812,12.85155,2893.422,3061,2812,7.623516,1853.05,3061,2811,15.305503,261.77,3061,2811,4.599124,87.527,3061,2811,1.742318,32.321
,,GLYMA_07G130400,KRH49071,7,15465920,15471704,1,15465920,15471704,4427,4178,0.512587,93.513,4427,4178,0.454696,80.948,4427,4178,0.317893,47.267,4427,4178,0.124804,23.526,4427,4178,1.208604,234.614,4427,4178,0.594838,112.739,4427,4178,0.596527,104.294,4427,4178,2.662431,1098.774,4427,4178,0.219192,43.728,4427,4178,3.618788,1210.522,4427,4178,4.794673,1731.586,4427,4177,0.835716,21.239,4427,4177,1.282577,36.271,4427,4177,0.792176,21.836
,,GLYMA_07G130400,KRH49070,7,15465920,15471704,1,15465920,15471704,4006,3757,18.550414,3043.184,4006,3757,8.914698,1427.135,4006,3757,18.729053,2504.153,4006,3757,15.95095,2703.799,4006,3757,16.764956,2926.478,4006,3757,21.488396,3662.29,4006,3757,10.756881,1691.18,4006,3757,15.689098,5822.381,4006,3757,24.155359,4333.342,4006,3757,16.71,5026.418,4006,3757,23.181993,7528.501,4006,3756,2.997797,68.508,4006,3756,25.928328,659.337,4006,3756,7.688516,190.572
,,GLYMA_07G130400,KRH49072,7,15465920,15471704,1,15466194,15471229,3324,3075,2.236563,300.303,3324,3075,3.831503,502.032,3324,3075,1.292868,141.483,3324,3075,0,0,3324,3075,0,0,3324,3075,0,0,3324,3075,0,0,3324,3075,0.067548,20.517,3324,3075,10.709223,1572.43,3324,3075,2.556377,629.377,3324,3075,3.559956,946.251,3324,3074,0,0,3324,3074,0.333267,6.936,3324,3074,0.182508,3.702
,,GLYMA_07G134800,KRH49135,7,15999948,16005619,1,15999948,16005619,2726,2477,22.945872,2481.784,2726,2477,12.408956,1309.72,2726,2477,21.760539,1918.225,2726,2477,9.655552,1079.07,2726,2477,21.99834,2531.731,2726,2477,35.787787,4021.318,2726,2477,14.96938,1551.644,2726,2477,3.140849,768.484,2726,2477,1.246423,147.421,2726,2477,6.359183,1261.155,2726,2477,10.165337,2176.528,2726,2476,7.28538,109.752,2726,2476,18.606157,311.899,2726,2476,2.377057,38.84
,,GLYMA_07G134900,KRH49136,7,16006946,16011150,1,16006946,16011150,3438,3189,0,0,3438,3189,0,0,3438,3189,0,0,3438,3189,0,0,3438,3189,0,0,3438,3189,0,0,3438,3189,0,0,3438,3189,0.003195,1.006,3438,3189,0,0,3438,3189,0,0,3438,3189,0,0,3438,3188,0,0,3438,3188,0,0,3438,3188,0,0
,,GLYMA_07G189800,KRH49940,7,35755628,35760756,-1,35755628,35760756,3377,3128,0,0,3377,3128,0,0,3377,3128,0,0,3377,3128,4.600346,649.238,3377,3128,0,0,3377,3128,0,0,3377,3128,0,0,3377,3128,0,0,3377,3128,0,0,3377,3128,0,0,3377,3128,0,0,3377,3127,7.63648,145.289,3377,3127,7.12717,150.887,3377,3127,0,0
,,GLYMA_07G189800,KRH49942,7,35755628,35760756,-1,35755628,35760752,3373,3124,9.809111,1338.055,3373,3124,7.427073,988.657,3373,3124,11.728325,1303.92,3373,3124,0,0,3373,3124,10.762178,1562.114,3373,3124,10.321525,1462.724,3373,3124,3.863775,505.109,3373,3124,4.097942,1264.557,3373,3124,4.64186,692.423,3373,3124,5.47683,1369.876,3373,3124,5.729744,1547.258,3373,3123,0,0,3373,3123,0,0,3373,3123,2.369101,48.825
,,GLYMA_07G189800,KRH49941,7,35755628,35760756,-1,35756071,35760752,2930,2681,4.92877,576.991,2930,2681,12.740637,1455.476,2930,2681,1.21619,116.039,2930,2681,4.609431,557.559,2930,2681,1.775044,221.11,2930,2681,8.691558,1057.066,2930,2681,4.775848,535.808,2930,2681,1.051947,278.581,2930,2681,10.969952,1404.332,2930,2681,7.223838,1550.621,2930,2681,2.402663,556.809,2930,2680,0,0,2930,2680,0,0,2930,2680,0,0
,,GLYMA_07G202200,KRH50128,7,37125021,37130940,-1,37125021,37130940,2989,2740,7.458571,892.359,2989,2740,9.024369,1053.621,2989,2740,8.560659,834.76,2989,2740,5.336939,659.765,2989,2740,16.609475,2114.502,2989,2740,11.472063,1425.935,2989,2740,6.282427,720.344,2989,2740,1.190848,322.306,2989,2740,1.010533,132.212,2989,2740,9.021946,1979.209,2989,2740,3.522379,834.263,2989,2739,6.400357,106.661,2989,2739,2.190232,40.615,2989,2739,6.682929,120.795
,,GLYMA_07G272800,KRH51289,7,44495749,44503862,1,44495749,44503862,3594,3345,21.39428,3124.835,3594,3345,11.42527,1628.47,3594,3345,26.186863,3117.335,3594,3345,16.331981,2464.8,3594,3345,21.039361,3269.869,3594,3345,36.436725,5528.954,3594,3345,15.076548,2110.378,3594,3345,4.840373,1599.324,3594,3345,8.026667,1282.034,3594,3345,11.318375,3031.246,3594,3345,14.133984,4086.743,3594,3344,12.398824,252.265,3594,3344,15.443013,349.627,3594,3344,9.535981,210.437
,,GLYMA_08G008100,KRH41063,8,643138,649093,1,644937,649093,3409,3160,41.903106,5781.847,3409,3160,15.801812,2127.703,3409,3160,55.329663,6222.272,3409,3160,23.417877,3338.729,3409,3160,55.230644,8109.029,3409,3160,26.660841,3821.804,3409,3160,30.862812,4081.171,3409,3160,4.236413,1322.351,3409,3160,6.303453,951.117,3409,3160,18.724678,4737.426,3409,3160,28.260708,7719.456,3409,3159,0,0,3409,3159,0,0,3409,3159,0.216233,4.508
,,GLYMA_08G008100,KRH41062,8,643138,649093,1,643138,649093,4547,4298,41.952212,7873.26,4547,4298,22.684099,4154.369,4547,4298,54.60072,8351.58,4547,4298,48.464588,9398.046,4547,4298,45.899996,9166.018,4547,4298,104.119336,20300.435,4547,4298,30.814124,5542.152,4547,4298,2.166574,919.817,4547,4298,3.509392,720.222,4547,4298,26.934453,9268.63,4547,4298,14.976262,5563.991,4547,4297,48.206033,1260.311,4547,4297,26.688307,776.414,4547,4297,8.83631,250.569
,,GLYMA_08G027800,KRH41403,8,2221005,2228300,-1,2221008,2228300,4353,4104,2.60582,466.966,4353,4104,14.519476,2539.074,4353,4104,3.416966,499.059,4353,4104,2.324032,430.325,4353,4104,2.042845,389.533,4353,4104,2.753059,512.543,4353,4104,1.241745,213.256,4353,4104,0.392938,159.292,4353,4104,2.846303,557.772,4353,4104,2.402831,789.535,4353,4104,5.093188,1806.815,4353,4103,0,0,4353,4103,3.263135,90.645,4353,4103,1.000961,27.102
,,GLYMA_08G027800,KRH41404,8,2221005,2228300,-1,2221005,2228300,4356,4107,0,0,4356,4107,0,0,4356,4107,0,0,4356,4107,0,0,4356,4107,0,0,4356,4107,0,0,4356,4107,0,0,4356,4107,0,0,4356,4107,0,0,4356,4107,0,0,4356,4107,0,0,4356,4106,2.128037,53.163,4356,4106,0,0,4356,4106,0,0
,,GLYMA_08G036400,KRH41539,8,2868342,2871366,-1,2869002,2871262,1228,979,3.016789,128.962,1228,979,4.397535,183.446,1228,979,2.641022,92.015,1228,979,0,0,1228,979,1.758345,79.981,1228,979,17.24263,765.762,1228,979,9.862723,404.056,1228,979,9.041546,874.353,1228,979,0.125494,5.866,1228,979,13.410407,1051.152,1228,979,0,0,1228,978,0,0,1228,978,4.059648,26.88,1228,978,0,0
,,GLYMA_08G036400,KRH41538,8,2868342,2871366,-1,2868342,2871366,1528,1279,30.162069,1684.477,1528,1279,20.512798,1117.925,1528,1279,24.42182,1111.61,1528,1279,24.707899,1425.782,1528,1279,25.649175,1524.213,1528,1279,24.004183,1392.724,1528,1279,37.277883,1995.189,1528,1279,19.138375,2417.893,1528,1279,2.972003,181.505,1528,1279,35.105689,3594.918,1528,1279,4.943124,546.498,1528,1278,17.614542,136.966,1528,1278,20.206039,174.831,1528,1278,9.544044,80.492
,,GLYMA_08G059500,KRH41935,8,4550613,4556360,1,4550613,4556360,3854,3605,5.501187,865.954,3854,3605,12.771654,1961.867,3854,3605,7.685747,986.042,3854,3605,3.972987,646.203,3854,3605,5.330102,892.776,3854,3605,6.733757,1101.21,3854,3605,3.175725,479.083,3854,3605,3.6447,1297.862,3854,3605,7.216619,1242.245,3854,3605,13.222675,3816.503,3854,3605,1.96373,611.933,3854,3604,2.9511,64.711,3854,3604,2.873463,70.113,3854,3604,0.301663,7.175
,,GLYMA_08G059500,KRH41936,8,4550613,4556360,1,4550613,4556360,NA,NA,NA,NA,NA,NA,NA,NA,NA,NA,NA,NA,NA,NA,NA,NA,NA,NA,NA,NA,NA,NA,NA,NA,NA,NA,NA,NA,NA,NA,NA,NA,NA,NA,NA,NA,NA,NA,NA,NA,NA,NA,NA,NA,NA,NA,NA,NA,NA,NA,NA,NA,NA,NA,NA,NA
,,GLYMA_08G100100,KRH42603,8,7673674,7680574,-1,7673993,7679517,2718,2469,20.284999,2186.902,2718,2469,24.502918,2577.84,2718,2469,29.81443,2619.7,2718,2469,20.677236,2303.351,2718,2469,19.493653,2236.227,2718,2469,33.696086,3774.054,2718,2469,15.036091,1553.525,2718,2469,3.42688,835.76,2718,2469,7.251703,854.928,2718,2469,14.1823,2803.553,2718,2469,1.547231,330.212,2718,2468,1.374726,20.643,2718,2468,0,0,2718,2468,0,0
,,GLYMA_08G100100,KRH42602,8,7673674,7680574,-1,7673674,7680574,4091,3842,10.947864,1836.623,4091,3842,10.079952,1650.186,4091,3842,14.917609,2039.673,4091,3842,9.415081,1632.03,4091,3842,13.41693,2395.037,4091,3842,21.964082,3828.053,4091,3842,7.507055,1206.95,4091,3842,1.869723,709.571,4091,3842,1.156184,212.106,4091,3842,6.406989,1970.844,4091,3842,3.415755,1134.385,4091,3841,8.670656,202.632,4091,3841,16.528049,429.807,4091,3841,5.183271,131.383
,,GLYMA_08G200700,KRH44272,8,16232246,16235957,1,16232680,16235957,1569,1320,4.176534,240.726,1569,1320,84.467348,4750.943,1569,1320,15.250232,716.398,1569,1320,12.924698,769.735,1569,1320,2.367028,145.171,1569,1320,2.79632,167.444,1569,1320,3.63161,200.602,1569,1320,2.855877,372.37,1569,1320,0.311765,19.65,1569,1320,4.309723,455.475,1569,1320,1.069624,122.045,1569,1319,0,0,1569,1319,0,0,1569,1319,0,0
,,GLYMA_08G200700,KRH44271,8,16232246,16235957,1,16232246,16235909,1955,1706,0,0,1955,1706,0,0,1955,1706,0,0,1955,1706,0,0,1955,1706,0,0,1955,1706,0,0,1955,1706,0,0,1955,1706,0,0,1955,1706,0,0,1955,1706,0,0,1955,1706,0,0,1955,1705,1.700433,17.64,1955,1705,0.647404,7.473,1955,1705,0,0
,,GLYMA_08G203100,KRH44313,8,16473456,16476643,-1,16473456,16476527,1383,1134,0,0,1383,1134,3.586262,173.289,1383,1134,3.022372,121.973,1383,1134,0.928475,47.504,1383,1134,0.91632,48.279,1383,1134,0,0,1383,1134,1.476966,70.088,1383,1134,0.031058,3.479,1383,1134,5.056799,273.815,1383,1134,11.502946,1044.391,1383,1134,0.918148,90,1383,1133,1.294767,8.925,1383,1133,0,0,1383,1133,0,0
,,GLYMA_08G203100,KRH44314,8,16473456,16476643,-1,16473456,16476643,1499,1250,1.596727,87.151,1499,1250,0,0,1499,1250,0,0,1499,1250,0,0,1499,1250,0.115286,6.696,1499,1250,0.775952,44,1499,1250,0,0,1499,1250,0,0,1499,1250,0.103556,6.181,1499,1250,0.493056,49.345,1499,1250,0,0,1499,1249,0,0,1499,1249,0.473032,4,1499,1249,0,0
,,GLYMA_08G273500,KRH45470,8,35978363,35983989,-1,35978363,35983989,3682,3433,11.716396,1756.31,3682,3433,4.552127,665.894,3682,3433,13.691467,1672.737,3682,3433,11.339101,1756.301,3682,3433,10.969824,1749.746,3682,3433,8.904338,1386.701,3682,3433,6.498565,933.584,3682,3433,3.175686,1076.894,3682,3433,1.409971,231.128,3682,3433,14.56962,4004.636,3682,3433,3.34852,993.672,3682,3432,10.836918,226.289,3682,3432,8.263957,192.018,3682,3432,1.292741,29.279
,,GLYMA_08G273500,KRH45471,8,35978363,35983989,-1,35978930,35981927,1053,804,60.235552,2114.668,1053,804,42.618679,1460.068,1053,804,70.694115,2022.755,1053,804,62.597901,2270.714,1053,804,77.910628,2910.412,1053,804,90.255018,3291.811,1053,804,63.645599,2141.345,1053,804,15.15109,1203.265,1053,804,6.462795,248.11,1053,804,166.602217,10724.518,1053,804,25.020319,1738.863,1053,803,11.03095,53.894,1053,803,6.618096,35.98,1053,803,1.380951,7.318
,,GLYMA_09G072200,KRH37536,9,7478279,7486860,-1,7478279,7486860,4794,4545,5.371129,1065.94,4794,4545,8.118639,1572.296,4794,4545,5.524075,893.506,4794,4545,2.510028,514.706,4794,4545,15.194996,3208.752,4794,4545,14.796613,3050.73,4794,4545,4.769618,907.151,4794,4545,3.009542,1351.126,4794,4545,10.573197,2294.608,4794,4545,12.096284,4401.765,4794,4545,4.75685,1868.831,4794,4544,3.25663,90.036,4794,4544,5.827399,179.275,4794,4544,1.018694,30.547
,,GLYMA_09G193000,KRH39325,9,41759292,41763018,1,41759292,41763018,1827,1578,3.06226,211,1827,1578,1.368245,92,1827,1578,2.955951,166,1827,1578,2.191144,156,1827,1578,3.341623,245,1827,1578,5.057013,362,1827,1578,5.451717,360,1827,1578,0.320847,50.011,1827,1578,0.199075,15,1827,1578,12.752745,1611.208,1827,1578,1.649525,225,1827,1577,1.667544,16,1827,1577,4.40209,47,1827,1577,0,0
,,GLYMA_09G203300,KRH39526,9,42740672,42745026,1,42741529,42744332,1047,798,36.472556,1270.874,1047,798,37.37397,1270.835,1047,798,43.541833,1236.555,1047,798,38.158593,1373.858,1047,798,30.426647,1128.129,1047,798,41.114157,1488.339,1047,798,30.034268,1002.957,1047,798,11.50587,906.951,1047,798,6.427166,244.901,1047,798,117.295863,7494.222,1047,798,0,0,1047,797,0,0,1047,797,30.080385,162.311,1047,797,5.43514,28.586
,,GLYMA_09G203300,KRH39524,9,42740672,42745026,1,42740672,42745026,2314,2065,12.042923,1085.889,2314,2065,12.278296,1080.377,2314,2065,12.009364,882.559,2314,2065,11.563238,1077.324,2314,2065,15.364681,1474.162,2314,2065,9.18637,860.541,2314,2065,10.486376,906.166,2314,2065,7.48857,1527.497,2314,2065,5.806085,572.495,2314,2065,65.145077,10770.668,2314,2065,20.222552,3609.712,2314,2064,18.265003,229.372,2314,2064,15.251043,213.116,2314,2064,3.992258,54.377
,,GLYMA_09G203300,KRH39525,9,42740672,42745026,1,42740672,42745026,2398,2149,0.763014,71.598,2398,2149,0.085581,7.837,2398,2149,3.485083,266.535,2398,2149,0,0,2398,2149,0.60379,60.287,2398,2149,0.296637,28.918,2398,2149,0,0,2398,2149,0.756641,160.616,2398,2149,0,0,2398,2149,5.860107,1008.284,2398,2149,0,0,2398,2148,0,0,2398,2148,0,0,2398,2148,0,0
,,GLYMA_10G000700,KRH31615,10,90195,90673,1,90195,90673,222,13.15,0,0,222,13.15,2.983903,1.672,222,13.15,25.641433,12,222,13.15,11.798216,7,222,13.15,0,0,222,13.15,1.925931,1.149,222,13.15,0,0,222,13.15,0,0,222,13.15,14.883389,9.346,222,13.15,1.274675,1.342,222,13.15,0,0,222,12.15,0,0,222,12.15,0,0,222,12.15,0,0
,,GLYMA_10G021500,KRH31921,10,1868221,1871561,-1,1868581,1871561,2413,2164,19.724328,1863.772,2413,2164,16.170619,1491.08,2413,2164,18.503468,1424.998,2413,2164,18.096732,1766.868,2413,2164,12.243954,1231.064,2413,2164,22.316362,2190.727,2413,2164,15.443247,1398.486,2413,2164,10.239295,2188.713,2413,2164,25.621399,2647.454,2413,2164,14.635121,2535.681,2413,2164,14.506518,2713.545,2413,2163,26.106051,343.565,2413,2163,5.641934,82.621,2413,2163,3.205496,45.755
,,GLYMA_10G021500,KRH31923,10,1868221,1871561,-1,1869048,1870467,1302,1053,14.419899,663.016,1302,1053,9.741531,437.092,1302,1053,12.735183,477.241,1302,1053,6.79071,322.619,1302,1053,28.663983,1402.383,1302,1053,21.325627,1018.68,1302,1053,11.737596,517.213,1302,1053,6.157738,640.488,1302,1053,3.718783,186.981,1302,1053,17.203871,1450.426,1302,1053,17.688606,1610.047,1302,1052,4.726063,30.25,1302,1052,2.093318,14.909,1302,1052,0,0
,,GLYMA_10G021500,KRH31922,10,1868221,1871561,-1,1868221,1871561,2773,2524,5.583207,615.328,2773,2524,2.081541,223.868,2773,2524,2.213239,198.802,2773,2524,2.888177,328.897,2773,2524,6.671513,782.376,2773,2524,2.120712,242.817,2773,2524,3.06452,323.679,2773,2524,0.666973,166.287,2773,2524,2.413944,290.928,2773,2524,1.27964,258.594,2773,2524,0.908393,198.189,2773,2523,4.888901,75.048,2773,2523,0.668685,11.422,2773,2523,0.259648,4.323
,,GLYMA_10G031800,KRH32098,10,2768241,2770339,-1,2768241,2770339,1680,1431,4.804718,300.221,1680,1431,79.3218,4836.701,1680,1431,6.132264,312.295,1680,1431,9.396896,606.695,1680,1431,4.871437,323.891,1680,1431,4.225794,274.319,1680,1431,6.288672,376.583,1680,1431,20.917408,2956.712,1680,1431,1.113756,76.102,1680,1431,40.977161,4694.858,1680,1431,8.491082,1050.314,1680,1430,4.079801,35.497,1680,1430,1.696998,16.43,1680,1430,0.430117,4.059
,,GLYMA_10G031900,KRH32100,10,2784976,2788133,1,2784976,2787397,1256,1007,0.36532,16.063,1256,1007,1.232346,52.878,1256,1007,0.474788,17.015,1256,1007,1.337848,60.783,1256,1007,1.057052,49.457,1256,1007,0.030321,1.385,1256,1007,0,0,1256,1007,0.722196,71.837,1256,1007,0,0,1256,1007,0.27208,21.937,1256,1007,0,0,1256,1006,0,0,1256,1006,0,0,1256,1006,0,0
,,GLYMA_10G031900,KRH32099,10,2784976,2788133,1,2784976,2788133,1234,985,2.358678,101.447,1234,985,46.045236,1932.582,1234,985,6.507048,228.099,1234,985,10.06261,447.191,1234,985,1.284102,58.768,1234,985,2.334242,104.301,1234,985,1.070871,44.14,1234,985,7.05671,686.594,1234,985,0.048182,2.266,1234,985,7.214928,568.996,1234,985,0,0,1234,984,12.023263,71.983,1234,984,40.088389,267.067,1234,984,0,0
,,GLYMA_10G040400,KRH32251,10,3557161,3561101,1,3557161,3561101,1419,1170,3.81879,195.094,1419,1170,19.033948,948.925,1419,1170,3.876691,161.418,1419,1170,5.037925,265.94,1419,1170,2.506351,136.248,1419,1170,3.694283,196.076,1419,1170,2.40911,117.952,1419,1170,2.364736,273.294,1419,1170,1.091882,61,1419,1170,10.501951,983.777,1419,1170,0.595765,60.253,1419,1169,2.572001,18.293,1419,1169,6.148588,48.663,1419,1169,1.625317,12.538
,,GLYMA_10G053500,KRH32480,10,4838661,4843964,-1,4838661,4843964,4757,4508,6.843386,1347.064,4757,4508,10.578868,2032.077,4757,4508,6.023244,966.314,4757,4508,5.747051,1168.895,4757,4508,2.422115,507.318,4757,4508,4.091491,836.706,4757,4508,4.876355,919.902,4757,4508,1.601361,713.074,4757,4508,3.509643,755.466,4757,4508,5.557321,2005.813,4757,4508,1.747069,680.786,4757,4507,4.039302,110.766,4757,4507,2.398976,73.202,4757,4507,0.60104,17.876
IAA20/30,C,GLYMA_10G138500,KRH33660,10,37212160,37213763,-1,37212160,37213763,972,723,0,0,972,723,0.811493,25,972,723,0.091971,2.366,972,723,0,0,972,723,0,0,972,723,0,0,972,723,0,0,972,723,1.609456,114.942,972,723,0.028966,1,972,723,0.803143,46.491,972,723,0,0,972,722,1.365753,6,972,722,0,0,972,722,0,0
,,GLYMA_10G162400,KRH34089,10,39661091,39664486,1,39661091,39664486,1354,1105,60.897385,2938.287,1354,1105,87.148645,4103.363,1354,1105,60.418559,2375.946,1354,1105,58.21389,2902.255,1354,1105,55.456636,2847.197,1354,1105,78.452259,3932.559,1354,1105,42.917887,1984.554,1354,1105,39.51602,4313.174,1354,1105,2.247079,118.563,1354,1105,119.35282,10559.319,1354,1105,28.827155,2753.472,1354,1104,23.957562,160.925,1354,1104,65.117084,486.711,1354,1104,21.52767,156.84
,,GLYMA_10G162400,KRH34091,10,39661091,39664486,1,39661091,39664486,1529,1280,2.914678,162.905,1529,1280,8.854174,482.92,1529,1280,8.037035,366.108,1529,1280,4.222902,243.875,1529,1280,8.936035,531.443,1529,1280,4.3897,254.89,1529,1280,5.414616,290.028,1529,1280,3.939196,498.057,1529,1280,1.472337,89.988,1529,1280,8.914773,913.611,1529,1280,10.577382,1170.32,1529,1279,3.680323,28.64,1529,1279,0.386358,3.346,1529,1279,0,0
,,GLYMA_10G162400,KRH34090,10,39661091,39664486,1,39661408,39663970,696,447,50.429036,984.286,696,447,62.648515,1193.261,696,447,49.047824,780.245,696,447,44.799041,903.489,696,447,52.919869,1099.077,696,447,43.482386,881.715,696,447,62.182188,1163.15,696,447,54.88613,2423.436,696,447,12.401001,264.687,696,447,258.563372,9253.702,696,447,14.549869,562.19,696,446,7.425099,20.149,696,446,12.077243,36.468,696,446,0,0
,,GLYMA_10G180000,KRH34376,10,41336339,41337449,-1,41336942,41337449,393,144,18.181273,114.319,393,144,80.139756,491.731,393,144,20.748054,106.327,393,144,6.457959,41.957,393,144,0,0,393,144,0,0,393,144,12.12382,73.057,393,144,61.207403,870.619,393,144,0,0,393,144,60.587657,698.534,393,144,15.804295,196.723,393,143,7.201656,6.266,393,143,11.502032,11.136,393,143,0,0
,,GLYMA_10G180000,KRH34375,10,41336339,41337449,-1,41336339,41337449,867,618,18.045623,486.96,867,618,50.335587,1325.503,867,618,15.71465,345.619,867,618,13.378778,373.037,867,618,8.441971,242.401,867,618,8.086857,226.713,867,618,15.397981,398.212,867,618,182.245202,11125.154,867,618,0.033888,1,867,618,73.693009,3646.328,867,618,3.25,173.615,867,617,22.932781,86.09,867,617,40.590251,169.556,867,617,3.438369,14
,,GLYMA_10G180100,KRH34377,10,41371565,41374446,1,41371565,41374446,1432,1183,7.941917,410.245,1432,1183,536.895072,27063.953,1432,1183,7.033665,296.122,1432,1183,6.035997,322.166,1432,1183,2.600212,142.921,1432,1183,4.426392,237.543,1432,1183,5.209396,257.89,1432,1183,214.246604,25035.724,1432,1183,2.744771,155.045,1432,1183,350.297556,33178.964,1432,1183,30.729826,3142.4,1432,1182,20.850299,149.948,1432,1182,94.160633,753.519,1432,1182,5.269519,41.103
,,GLYMA_10G210600,KRH34867,10,44284423,44287975,1,44284423,44287975,2528,2279,15.917001,1583.941,2528,2279,6.97154,677.002,2528,2279,11.845456,960.727,2528,2279,9.537723,980.699,2528,2279,15.128833,1601.959,2528,2279,15.270284,1578.698,2528,2279,10.258521,978.343,2528,2279,19.079161,4295.019,2528,2279,0.677706,73.749,2528,2279,7.753143,1414.696,2528,2279,1.684311,331.805,2528,2278,3.091129,42.843,2528,2278,9.387851,144.786,2528,2278,7.798767,117.238
,,GLYMA_10G270500,KRH35895,10,49276452,49277877,1,49276452,49277877,763,514,0,0,763,514,0,0,763,514,0.492012,9,763,514,0,0,763,514,0,0,763,514,0,0,763,514,0.046492,1,763,514,0.019696,1,763,514,0,0,763,514,2.883292,118.657,763,514,0,0,763,513,0.640769,2,763,513,0,0,763,513,0,0
,,GLYMA_11G145500,KRH29907,11,11195651,11199400,1,11195651,11199400,2664,2415,15.909573,1677.679,2664,2415,17.106814,1760.368,2664,2415,12.520897,1076.109,2664,2415,12.586106,1371.372,2664,2415,9.310248,1044.672,2664,2415,10.078082,1104.085,2664,2415,10.215456,1032.374,2664,2415,6.758486,1612.234,2664,2415,0.759723,87.607,2664,2415,8.543969,1652.029,2664,2415,30.401493,6346.417,2664,2414,4.047713,59.451,2664,2414,2.691333,43.986,2664,2414,0.596545,9.503
,,GLYMA_11G204200,KRH30741,11,28422034,28429861,-1,28422034,28429855,3655,3406,13.373647,1988.968,3655,3406,0,0,3655,3406,44.159391,5352.684,3655,3406,35.09998,5393.841,3655,3406,32.214786,5098.02,3655,3406,40.620313,6276.181,3655,3406,0,0,3655,3406,4.581945,1541.544,3655,3406,17.181705,2794.34,3655,3406,31.902014,8699.689,3655,3406,10.26129,3021.087,3655,3405,0,0,3655,3405,0,0,3655,3405,0,0
,,GLYMA_11G204200,KRH30740,11,28422034,28429861,-1,28422034,28429861,3661,3412,19.241075,2866.63,3661,3412,21.103199,3068.134,3661,3412,3.05566,371.038,3661,3412,0,0,3661,3412,0,0,3661,3412,0,0,3661,3412,17.832069,2546.085,3661,3412,3.172375,1069.19,3661,3412,0,0,3661,3412,5.721453,1562.99,3661,3412,0,0,3661,3411,18.572984,385.456,3661,3411,3.488127,80.553,3661,3411,1.310676,29.503
,,GLYMA_11G227300,KRH31107,11,32211891,32216053,-1,32211891,32216053,2114,1865,18.068083,1471.378,2114,1865,11.595375,921.469,2114,1865,30.443669,2020.597,2114,1865,28.796279,2423.047,2114,1865,14.48028,1254.751,2114,1865,16.82458,1423.412,2114,1865,9.490509,740.68,2114,1865,4.930592,908.321,2114,1865,42.501074,3784.835,2114,1865,21.024339,3139.367,2114,1865,21.328044,3438.321,2114,1864,12.497006,141.73,2114,1864,20.49473,258.64,2114,1864,6.948547,85.473
,,GLYMA_12G071000,KRH24915,12,5197212,5204646,1,5197212,5204646,2896,2647,5.966938,689.666,2896,2647,8.041472,906.999,2896,2647,4.29423,404.523,2896,2647,1.704421,203.553,2896,2647,0.196041,24.11,2896,2647,0,0,2896,2647,1.458274,161.531,2896,2647,0.298801,78.126,2896,2647,2.217063,280.221,2896,2647,6.323998,1340.252,2896,2647,3.024782,692.093,2896,2646,0,0,2896,2646,6.235388,111.702,2896,2646,2.460359,42.961
,,GLYMA_12G071000,KRH24914,12,5197212,5204646,1,5197212,5204646,2899,2650,11.369516,1315.592,2899,2650,0,0,2899,2650,15.642403,1475.208,2899,2650,8.25687,987.206,2899,2650,10.921514,1344.715,2899,2650,17.351369,2085.87,2899,2650,11.332962,1256.758,2899,2650,0,0,2899,2650,0,0,2899,2650,3.559222,755.165,2899,2650,0,0,2899,2649,12.382123,199.567,2899,2649,0,0,2899,2649,0,0
,,GLYMA_12G076200,KRH25023,12,5851956,5855787,-1,5851956,5855787,2767,2518,26.335605,2895.559,2767,2518,11.584763,1242.968,2767,2518,20.247595,1814.4,2767,2518,18.655286,2119.358,2767,2518,8.931069,1044.866,2767,2518,9.221096,1053.285,2767,2518,17.059916,1797.607,2767,2518,4.482571,1114.922,2767,2518,0.926472,111.393,2767,2518,6.567602,1324.047,2767,2518,3.598909,783.327,2767,2517,4.867979,74.549,2767,2517,2.699865,46.008,2767,2517,1.715625,28.497
,,GLYMA_12G164100,KRH26266,12,31863013,31869597,-1,31863013,31869597,2716,2467,29.907851,3221.719,2716,2467,25.658848,2697.263,2716,2467,33.978092,2983.129,2716,2467,21.848792,2431.886,2716,2467,27.195518,3117.225,2716,2467,37.96394,4248.621,2716,2467,21.69255,2239.453,2716,2467,12.158648,2962.893,2716,2467,51.46068,6061.958,2716,2467,22.344234,4413.423,2716,2467,15.573356,3320.993,2716,2466,19.141297,287.194,2716,2466,21.871309,365.153,2716,2466,7.347936,119.577
,,GLYMA_12G171000,KRH26390,12,32643495,32650065,-1,32643701,32649463,2382,2133,0,0,2382,2133,0,0,2382,2133,0,0,2382,2133,2.288279,220.215,2382,2133,3.58295,355.086,2382,2133,2.453795,237.431,2382,2133,0,0,2382,2133,0,0,2382,2133,0,0,2382,2133,0,0,2382,2133,0,0,2382,2132,0,0,2382,2132,0,0,2382,2132,0,0
,,GLYMA_12G171000,KRH26391,12,32643495,32650065,-1,32643701,32649463,2400,2151,0,0,2400,2151,0.617741,56.619,2400,2151,0,0,2400,2151,0,0,2400,2151,0,0,2400,2151,0,0,2400,2151,0,0,2400,2151,0,0,2400,2151,0,0,2400,2151,0.796604,137.19,2400,2151,0,0,2400,2150,0,0,2400,2150,1.673626,24.362,2400,2150,0,0
,,GLYMA_12G171000,KRH26387,12,32643495,32650065,-1,32643495,32650065,3205,2956,0,0,3205,2956,2.984782,375.954,3205,2956,0,0,3205,2956,0,0,3205,2956,0,0,3205,2956,0,0,3205,2956,5.321102,658.216,3205,2956,1.08553,316.962,3205,2956,0,0,3205,2956,5.852044,1385.01,3205,2956,0,0,3205,2955,1.376155,24.742,3205,2955,1.343313,26.875,3205,2955,0,0
,,GLYMA_12G171000,KRH26385,12,32643495,32650065,-1,32643701,32649463,2319,2070,0,0,2319,2070,0,0,2319,2070,0,0,2319,2070,0,0,2319,2070,0,0,2319,2070,0,0,2319,2070,0,0,2319,2070,0,0,2319,2070,0,0,2319,2070,0,0,2319,2070,0,0,2319,2069,0,0,2319,2069,0,0,2319,2069,0,0
,,GLYMA_12G171000,KRH26388,12,32643495,32650065,-1,32643495,32650065,3112,2863,0,0,3112,2863,0,0,3112,2863,0.142965,14.566,3112,2863,0,0,3112,2863,0,0,3112,2863,0.937799,121.798,3112,2863,0.296691,35.546,3112,2863,0,0,3112,2863,0,0,3112,2863,0,0,3112,2863,0,0,3112,2862,0,0,3112,2862,2.911318,56.411,3112,2862,0,0
,,GLYMA_12G171000,KRH26392,12,32643495,32650065,-1,32643701,32648785,2001,1752,6.838025,523.116,2001,1752,3.320544,247.891,2001,1752,7.218668,450.086,2001,1752,1.57592,124.57,2001,1752,17.048502,1387.784,2001,1752,18.66144,1483.156,2001,1752,8.23782,603.961,2001,1752,0,0,2001,1752,1.974878,165.212,2001,1752,3.157808,442.956,2001,1752,6.307746,955.267,2001,1751,0,0,2001,1751,0,0,2001,1751,0,0
,,GLYMA_12G171000,KRH26384,12,32643495,32650065,-1,32643495,32650065,3109,2860,0,0,3109,2860,0,0,3109,2860,0,0,3109,2860,0,0,3109,2860,0,0,3109,2860,0,0,3109,2860,0,0,3109,2860,0,0,3109,2860,0,0,3109,2860,0,0,3109,2860,0,0,3109,2859,4.750373,82.633,3109,2859,0,0,3109,2859,1.006833,18.996
,,GLYMA_12G171000,KRH26386,12,32643495,32650065,-1,32643495,32650065,3187,2938,5.101415,654.449,3187,2938,0,0,3187,2938,5.372018,561.685,3187,2938,2.289042,303.426,3187,2938,12.732037,1738.006,3187,2938,13.912201,1854.194,3187,2938,0,0,3187,2938,0.461877,134.042,3187,2938,1.201914,168.614,3187,2938,3.151519,741.332,3187,2938,3.013608,765.341,3187,2937,0,0,3187,2937,0,0,3187,2937,0,0
,,GLYMA_12G171000,KRH26389,12,32643495,32650065,-1,32643701,32649463,2322,2073,0,0,2322,2073,0,0,2322,2073,0,0,2322,2073,0,0,2322,2073,0,0,2322,2073,0,0,2322,2073,0,0,2322,2073,0,0,2322,2073,0,0,2322,2073,0,0,2322,2073,0,0,2322,2072,0,0,2322,2072,0,0,2322,2072,0,0
,,GLYMA_12G174100,KRH26435,12,33132698,33136308,-1,33132698,33136308,2802,2553,6.790246,756.954,2802,2553,8.025496,873.051,2802,2553,12.232763,1111.423,2802,2553,9.210609,1060.928,2802,2553,3.690524,437.764,2802,2553,5.984291,693.06,2802,2553,4.366953,466.543,2802,2553,3.835937,967.35,2802,2553,1.48984,181.618,2802,2553,9.6265,1967.706,2802,2553,10.180705,2246.701,2802,2552,2.747977,42.668,2802,2552,4.294896,74.206,2802,2552,1.283087,21.609
,,GLYMA_13G084700,KRH18828,13,19586384,19590900,1,19586384,19590900,3115,2866,5.679562,710.762,3115,2866,2.629559,321.127,3115,2866,8.239998,840.441,3115,2866,5.365894,693.849,3115,2866,5.103712,679.617,3115,2866,4.783866,621.96,3115,2866,4.657751,558.618,3115,2866,1.880635,532.405,3115,2866,3.92228,536.764,3115,2866,4.339434,995.75,3115,2866,3.273582,810.991,3115,2865,2.97164,51.8,3115,2865,1.739314,33.737,3115,2865,3.050161,57.668
,,GLYMA_13G112600,KRH19355,13,22585808,22593464,-1,22585808,22593464,5143,4894,4.913881,1050.079,5143,4894,30.760506,6414.673,5143,4894,4.93859,860.143,5143,4894,2.670874,589.745,5143,4894,6.452188,1467.144,5143,4894,6.452715,1432.564,5143,4894,3.334648,682.93,5143,4894,1.481323,716.102,5143,4894,7.512236,1755.502,5143,4894,15.458628,6057.255,5143,4894,4.065856,1720.016,5143,4893,3.120943,92.912,5143,4893,3.037992,100.64,5143,4893,2.595834,83.819
IAA31,C,GLYMA_13G117100,KRH19443,13,23036700,23038610,1,23036846,23037761,718,469,1.818835,37.248,718,469,1.050108,20.986,718,469,0.575014,9.597,718,469,1.258119,26.622,718,469,1.177947,25.668,718,469,2.58513,55,718,469,0.490271,9.622,718,469,0,0,718,469,0,0,718,469,1.712057,64.288,718,469,0.074,3,718,468,1.053573,3,718,468,2.45126,7.767,718,468,42.994652,132.785
,,GLYMA_13G117100,KRH19444,13,23036700,23038610,1,23036700,23038610,1524,1275,0,0,1524,1275,0,0,1524,1275,0,0,1524,1275,0,0,1524,1275,0,0,1524,1275,0,0,1524,1275,0,0,1524,1275,0,0,1524,1275,0,0,1524,1275,0,0,1524,1275,0,0,1524,1274,0,0,1524,1274,0,0,1524,1274,0,0
,,GLYMA_13G117100,KRH19441,13,23036700,23038610,1,23036846,23038610,1378,1129,0,0,1378,1129,0.450582,21.676,1378,1129,0.172291,6.922,1378,1129,0.775919,39.524,1378,1129,0.949002,49.781,1378,1129,0,0,1378,1129,0.509527,24.073,1378,1129,0.135474,15.108,1378,1129,0,0,1378,1129,0.988942,89.393,1378,1129,0,0,1378,1128,0,0,1378,1128,0.427784,3.267,1378,1128,10.536075,78.429
,,GLYMA_13G117100,KRH19442,13,23036700,23038610,1,23036846,23038610,1451,1202,0,0,1451,1202,0,0,1451,1202,0,0,1451,1202,0,0,1451,1202,0.029747,1.661,1451,1202,0,0,1451,1202,0,0,1451,1202,0,0,1451,1202,0,0,1451,1202,0.063509,6.112,1451,1202,0,0,1451,1201,0,0,1451,1201,0,0,1451,1201,0.704845,5.586
,,GLYMA_13G127000,KRH19625,13,24008533,24012615,1,24008533,24012615,1513,1264,5.035201,277.906,1513,1264,14.873361,801.075,1513,1264,4.659119,209.582,1513,1264,2.718975,155.06,1513,1264,5.342421,313.752,1513,1264,5.317868,304.924,1513,1264,4.462634,236.048,1513,1264,2.584631,322.706,1513,1264,0.033137,2,1513,1264,11.652196,1179.223,1513,1264,4.354242,475.747,1513,1263,3.345251,25.707,1513,1263,14.891714,127.337,1513,1263,5.57443,46.462
,,GLYMA_13G140600,KRH19870,13,25308345,25312385,-1,25308389,25310420,1545,1296,6.946392,393.095,1545,1296,3.479995,192.177,1545,1296,4.376427,201.85,1545,1296,3.130076,183.023,1545,1296,4.930721,296.905,1545,1296,8.492394,499.278,1545,1296,3.843545,208.449,1545,1296,2.638746,337.803,1545,1296,2.024611,125.29,1545,1296,4.285501,444.68,1545,1296,2.965492,332.214,1545,1295,2.365339,18.637,1545,1295,0.758677,6.652,1545,1295,0,0
,,GLYMA_13G140600,KRH19869,13,25308345,25312385,-1,25308345,25312385,3554,3305,0.43144,62.262,3554,3305,0.329681,46.428,3554,3305,0.547245,64.366,3554,3305,0.40688,60.671,3554,3305,0.354668,54.462,3554,3305,0.612847,91.882,3554,3305,0.664933,91.963,3554,3305,0.449082,146.608,3554,3305,0.07125,11.244,3554,3305,0.882886,233.624,3554,3305,0,0,3554,3304,0.497938,10.01,3554,3304,0.444526,9.944,3554,3304,0.213063,4.646
IAA29,C,GLYMA_13G159000,KRH20139,13,27424532,27425894,-1,27424532,27425894,892,643,0.391786,11,892,643,0,0,892,643,0,0,892,643,0,0,892,643,0.669449,20,892,643,0.85708,25,892,643,0.334479,9,892,643,1.716145,109,892,643,0,0,892,643,6.865009,353.422,892,643,0,0,892,642,0.256008,1,892,642,0,0,892,642,0,0
,,GLYMA_13G174000,KRH20374,13,28805502,28811556,1,28805502,28811556,2912,2663,0,0,2912,2663,0.525936,59.679,2912,2663,0.255909,24.253,2912,2663,0,0,2912,2663,1.817435,224.87,2912,2663,1.418679,171.381,2912,2663,0,0,2912,2663,0.081394,21.41,2912,2663,0,0,2912,2663,1.017614,216.968,2912,2663,0,0,2912,2662,6.182376,100.132,2912,2662,8.38008,151.03,2912,2662,13.602053,238.948
,,GLYMA_13G174000,KRH20373,13,28805502,28811556,1,28805502,28811477,2842,2593,27.510148,3114.79,2842,2593,8.54111,943.7,2842,2593,32.950565,3040.67,2842,2593,28.506968,3335.033,2842,2593,27.50156,3313.306,2842,2593,62.827289,7390.237,2842,2593,21.196458,2300.001,2842,2593,1.73375,444.069,2842,2593,1.032098,127.788,2842,2593,37.610488,7808.227,2842,2593,1.765488,395.716,2842,2592,1.598356,25.207,2842,2592,2.12864,37.355,2842,2592,0.75782,12.963
,,GLYMA_13G174000,KRH20375,13,28805502,28811556,1,28806252,28811494,2569,2320,2.120881,214.851,2569,2320,0,0,2569,2320,9.99962,825.611,2569,2320,7.170137,750.52,2569,2320,11.722765,1263.629,2569,2320,1.291971,135.972,2569,2320,3.750237,364.09,2569,2320,0,0,2569,2320,0,0,2569,2320,0.457634,85.006,2569,2320,8.551942,1715.02,2569,2319,0,0,2569,2319,0,0,2569,2319,0.542018,8.295
,,GLYMA_13G221400,KRH21113,13,33457802,33464856,1,33457802,33464856,4047,3798,0,0,4047,3798,7.440723,1204.168,4047,3798,0,0,4047,3798,12.346282,2115.621,4047,3798,0,0,4047,3798,0,0,4047,3798,4.972617,790.319,4047,3798,0,0,4047,3798,7.481933,1356.866,4047,3798,6.204439,1886.681,4047,3798,16.599479,5449.617,4047,3797,0,0,4047,3797,0,0,4047,3797,0,0
,,GLYMA_13G221400,KRH21114,13,33457802,33464856,1,33457802,33464856,4044,3795,34.943626,5790.46,4044,3795,18.239549,2949.463,4044,3795,43.916594,5931.224,4044,3795,27.736611,4749.105,4044,3795,22.677736,3998.648,4044,3795,46.86142,8067.422,4044,3795,20.641988,3278.125,4044,3795,1.658267,621.624,4044,3795,2.961649,536.678,4044,3795,28.990865,8808.743,4044,3795,1.279513,419.733,4044,3794,19.960475,460.765,4044,3794,4.115777,105.72,4044,3794,1.477684,36.997
,,GLYMA_13G234200,KRH21341,13,34492285,34498651,1,34492285,34498651,3343,3094,20.015874,2704.134,3343,3094,16.848425,2221.246,3343,3094,25.477957,2805.361,3343,3094,15.363025,2144.587,3343,3094,19.224741,2763.646,3343,3094,22.512072,3159.682,3343,3094,15.032154,1946.273,3343,3094,2.369088,724.041,3343,3094,3.245702,479.51,3343,3094,16.866668,4178.213,3343,3094,6.102816,1632.177,3343,3093,13.162772,247.707,3343,3093,4.909548,102.808,3343,3093,5.517245,112.614
,,GLYMA_13G325200,KRH22880,13,42036714,42039907,1,42036714,42039907,2918,2669,20.574649,2397.808,2918,2669,28.899009,3286.613,2918,2669,26.015501,2471.068,2918,2669,21.834941,2629.343,2918,2669,14.182107,1758.697,2918,2669,26.963102,3264.57,2918,2669,17.141114,1914.476,2918,2669,4.238725,1117.494,2918,2669,2.404067,306.382,2918,2669,4.863141,1039.217,2918,2669,3.899084,899.555,2918,2668,3.223804,52.332,2918,2668,6.134046,110.8,2918,2668,3.94121,69.391
,,GLYMA_13G354100,KRH23385,13,44243093,44247000,-1,44243212,44245921,1041,792,26.497448,916.352,1041,792,21.206119,715.655,1041,792,45.11628,1271.635,1041,792,33.505966,1197.275,1041,792,53.623326,1973.243,1041,792,78.545718,2821.988,1041,792,27.874919,923.849,1041,792,9.200026,719.74,1041,792,10.063586,380.58,1041,792,13.900225,881.43,1041,792,8.472933,580.063,1041,791,5.819669,28.008,1041,791,0,0,1041,791,1.393936,7.276
,,GLYMA_13G354100,KRH23390,13,44243093,44247000,-1,44243093,44247000,2232,1983,3.557045,307.996,2232,1983,6.414065,541.967,2232,1983,10.867992,766.966,2232,1983,6.414063,573.855,2232,1983,9.792565,902.237,2232,1983,8.047609,723.931,2232,1983,7.36073,610.81,2232,1983,0.316777,62.049,2232,1983,0,0,2232,1983,1.190654,189.038,2232,1983,0.290382,49.775,2232,1982,0,0,2232,1982,0,0,2232,1982,1.342664,17.561
,,GLYMA_13G354100,KRH23386,13,44243093,44247000,-1,44243212,44245921,NA,NA,NA,NA,NA,NA,NA,NA,NA,NA,NA,NA,NA,NA,NA,NA,NA,NA,NA,NA,NA,NA,NA,NA,NA,NA,NA,NA,NA,NA,NA,NA,NA,NA,NA,NA,NA,NA,NA,NA,NA,NA,NA,NA,NA,NA,NA,NA,NA,NA,NA,NA,NA,NA,NA,NA
,,GLYMA_13G354100,KRH23387,13,44243093,44247000,-1,44243093,44247000,2239,1990,14.47227,1257.544,2239,1990,8.108635,687.572,2239,1990,22.713118,1608.547,2239,1990,13.889615,1247.067,2239,1990,18.013834,1665.562,2239,1990,9.055217,817.447,2239,1990,4.696097,391.068,2239,1990,4.006239,787.501,2239,1990,3.504068,332.961,2239,1990,3.855511,614.294,2239,1990,7.05796,1214.084,2239,1989,23.389604,283.054,2239,1989,15.031657,202.418,2239,1989,0,0
,,GLYMA_13G354100,KRH23389,13,44243093,44247000,-1,44243093,44247000,NA,NA,NA,NA,NA,NA,NA,NA,NA,NA,NA,NA,NA,NA,NA,NA,NA,NA,NA,NA,NA,NA,NA,NA,NA,NA,NA,NA,NA,NA,NA,NA,NA,NA,NA,NA,NA,NA,NA,NA,NA,NA,NA,NA,NA,NA,NA,NA,NA,NA,NA,NA,NA,NA,NA,NA
,,GLYMA_13G354100,KRH23388,13,44243093,44247000,-1,44243212,44245921,NA,NA,NA,NA,NA,NA,NA,NA,NA,NA,NA,NA,NA,NA,NA,NA,NA,NA,NA,NA,NA,NA,NA,NA,NA,NA,NA,NA,NA,NA,NA,NA,NA,NA,NA,NA,NA,NA,NA,NA,NA,NA,NA,NA,NA,NA,NA,NA,NA,NA,NA,NA,NA,NA,NA,NA
,,GLYMA_13G356600,KRH23426,13,44467797,44470294,-1,44467797,44470294,1570,1321,10.320921,595.326,1570,1321,16.088208,905.582,1570,1321,9.316204,437.971,1570,1321,19.731117,1175.983,1570,1321,2.911798,178.717,1570,1321,4.219405,252.849,1570,1321,9.520104,526.268,1570,1321,19.025522,2482.566,1570,1321,0.017022,1.074,1570,1321,14.317767,1514.325,1570,1321,1.278545,145.994,1570,1320,0.516247,4.146,1570,1320,17.94849,160.402,1570,1320,2.149832,18.727
,,GLYMA_13G361100,KRH23504,13,44811546,44814902,1,44811546,44814902,1044,795,5.685349,197.359,1044,795,47.248758,1600.57,1044,795,7.893545,223.328,1044,795,6.945217,249.115,1044,795,3.220193,118.946,1044,795,3.438326,124,1044,795,6.370852,211.947,1044,795,32.631423,2562.504,1044,795,0.052686,2,1044,795,74.549391,4745.175,1044,795,4.435177,304.786,1044,794,8.052957,38.903,1044,794,11.06221,59.466,1044,794,0.954244,5
,,GLYMA_13G361200,KRH23505,13,44823128,44824990,1,44823128,44824990,1458,1209,12.633845,666.953,1458,1209,34.132333,1758.366,1458,1209,23.010747,990.059,1458,1209,25.471514,1389.401,1458,1209,1.646924,92.513,1458,1209,6.966314,382.065,1458,1209,8.250549,417.418,1458,1209,1.139437,136.075,1458,1209,0.084499,4.878,1458,1209,22.09702,2138.952,1458,1209,0.344477,36,1458,1208,1.075164,7.902,1458,1208,0,0,1458,1208,0,0
,,GLYMA_13G361200,KRH23508,13,44823128,44824990,1,44823128,44824990,1545,1296,1.637505,92.666,1545,1296,1.231066,67.983,1545,1296,0,0,1545,1296,0,0,1545,1296,0,0,1545,1296,0,0,1545,1296,0,0,1545,1296,0,0,1545,1296,0,0,1545,1296,0.078046,8.098,1545,1296,0,0,1545,1295,0,0,1545,1295,0,0,1545,1295,0.819102,7
,,GLYMA_13G361200,KRH23507,13,44823128,44824990,1,44823128,44824990,1668,1419,0,0,1668,1419,0.408244,24.684,1668,1419,0.462067,23.334,1668,1419,0.112749,7.218,1668,1419,0.327443,21.588,1668,1419,0.33964,21.863,1668,1419,0.085072,5.052,1668,1419,0.193049,27.059,1668,1419,0,0,1668,1419,1.155331,131.259,1668,1419,0,0,1668,1418,0,0,1668,1418,0,0,1668,1418,0,0
,,GLYMA_13G361200,KRH23506,13,44823128,44824990,1,44823523,44824170,453,204,4.207631,37.48,453,204,27.534,239.341,453,204,24.822414,180.21,453,204,38.845795,357.537,453,204,2.963733,28.091,453,204,4.528128,41.904,453,204,5.881531,50.209,453,204,0,0,453,204,0.320502,3.122,453,204,27.246066,445.015,453,204,0,0,453,203,4.265176,5.268,453,203,0,0,453,203,0,0
,,GLYMA_14G032700,KRH14545,14,2372881,2381492,-1,2373147,2380904,2691,2442,24.212797,2581.808,2691,2442,16.736882,1741.555,2691,2442,24.024276,2087.853,2691,2442,19.818321,2183.53,2691,2442,19.704864,2235.737,2691,2442,35.95137,3982.618,2691,2442,17.789199,1817.876,2691,2442,8.291292,1999.997,2691,2442,14.000412,1632.506,2691,2442,25.536965,4992.935,2691,2442,16.769496,3539.829,2691,2441,2.523177,37.474,2691,2441,4.036692,66.711,2691,2441,0.814913,13.127
,,GLYMA_14G032700,KRH14544,14,2372881,2381492,-1,2372881,2381492,3438,3189,13.708186,1908.833,3438,3189,7.606123,1033.558,3438,3189,17.42315,1977.357,3438,3189,10.648226,1532.069,3438,3189,6.260302,927.58,3438,3189,6.847699,990.619,3438,3189,4.982989,664.977,3438,3189,5.15638,1624.28,3438,3189,10.296462,1567.873,3438,3189,8.99557,2296.805,3438,3189,7.75998,2139.103,3438,3188,5.871279,113.884,3438,3188,6.365219,137.385,3438,3188,2.227826,46.869
,,GLYMA_14G179500,KRH16819,14,44113557,44116967,-1,44113557,44116967,3141,2892,21.750232,2746.601,3141,2892,21.417969,2639.33,3141,2892,17.435871,1794.51,3141,2892,15.85416,2068.655,3141,2892,22.806197,3064.452,3141,2892,19.605122,2572.026,3141,2892,9.950014,1204.16,3141,2892,11.207461,3201.599,3141,2892,12.500697,1726.239,3141,2892,17.456177,4041.926,3141,2892,8.50609,2126.399,3141,2891,19.094595,335.869,3141,2891,14.355242,280.974,3141,2891,3.39486,64.768
,,GLYMA_14G185400,KRH16912,14,44930075,44934248,1,44930075,44934248,2528,2279,19.792966,1969.648,2528,2279,34.95531,3394.49,2528,2279,23.235659,1884.531,2528,2279,19.018817,1955.575,2528,2279,28.832523,3053.013,2528,2279,30.739975,3178.011,2528,2279,19.492833,1859.009,2528,2279,14.392753,3240.035,2528,2279,1.478317,160.872,2528,2279,30.904466,5639.058,2528,2279,13.204208,2601.197,2528,2278,7.172598,99.413,2528,2278,30.436507,469.414,2528,2278,2.826061,42.484
,,GLYMA_14G185400,KRH16913,14,44930075,44934248,1,44930108,44934248,3967,3718,0.645793,104.842,3967,3718,0.892454,141.388,3967,3718,0.821523,108.701,3967,3718,0.375514,62.992,3967,3718,2.923634,505.05,3967,3718,1.123954,189.568,3967,3718,0.404969,63.008,3967,3718,1.11179,408.313,3967,3718,0.046223,8.206,3967,3718,0.788747,234.795,3967,3718,0.170144,54.682,3967,3717,0.165569,3.744,3967,3717,0.714798,17.988,3967,3717,0.061695,1.513
,,GLYMA_14G208500,KRH17251,14,47412802,47421148,-1,47412802,47421148,3613,3364,28.654153,4208.98,3613,3364,15.700996,2250.61,3613,3364,38.672628,4629.814,3613,3364,29.855926,4531.408,3613,3364,27.408631,4283.956,3613,3364,36.436763,5560.365,3613,3364,17.367548,2444.875,3613,3364,9.124393,3031.946,3613,3364,7.784451,1250.409,3613,3364,20.863664,5619.369,3613,3364,4.264282,1239.991,3613,3363,10.382462,212.441,3613,3363,5.245149,119.424,3613,3363,0.799746,17.749
,,GLYMA_14G217700,KRH17404,14,48242771,48249860,-1,48242771,48249860,3942,3693,8.550153,1378.753,3942,3693,3.847763,605.487,3942,3693,13.376594,1758.04,3942,3693,6.469495,1077.944,3942,3693,22.197358,3808.748,3942,3693,31.89881,5343.937,3942,3693,9.881139,1527.033,3942,3693,0.714242,260.547,3942,3693,11.731992,2068.804,3942,3693,1.691862,500.248,3942,3693,2.222687,709.535,3942,3692,2.604199,58.499,3942,3692,2.804241,70.095,3942,3692,0.04138,1.008
,,GLYMA_15G012700,KRH09808,15,1002510,1004331,-1,1002510,1004331,1140,891,0,0,1140,891,0,0,1140,891,0,0,1140,891,0,0,1140,891,1.155381,47.83,1140,891,0,0,1140,891,0,0,1140,891,0,0,1140,891,0.141028,6,1140,891,10.023863,715.079,1140,891,0.415485,32,1140,890,1.076585,5.83,1140,890,0.251882,1.518,1140,890,0,0
,,GLYMA_15G012700,KRH09811,15,1002510,1004331,-1,1003105,1004171,555,306,1.50891,20.161,555,306,6.827547,89.023,555,306,0,0,555,306,9.726545,134.285,555,306,0,0,555,306,0,0,555,306,0,0,555,306,0,0,555,306,0,0,555,306,16.388402,401.512,555,306,0,0,555,305,0,0,555,305,0,0,555,305,0,0
,,GLYMA_15G012700,KRH09809,15,1002510,1004331,-1,1002510,1004331,1199,950,3.393766,140.779,1199,950,16.008159,648.011,1199,950,4.357658,147.326,1199,950,6.499,278.559,1199,950,0.220837,9.748,1199,950,2.115498,91.168,1199,950,0.980444,38.977,1199,950,3.697602,346.981,1199,950,0,0,1199,950,40.61295,3089.08,1199,950,0,0,1199,949,0,0,1199,949,0,0,1199,949,0,0
,,GLYMA_15G012700,KRH09812,15,1002510,1004331,-1,1003547,1004171,363,114,2.804487,13.96,363,114,5.405395,26.257,363,114,0,0,363,114,0,0,363,114,0.987341,5.23,363,114,0,0,363,114,2.587548,12.344,363,114,2.844997,32.037,363,114,0,0,363,114,42.887225,391.449,363,114,0,0,363,113,0,0,363,113,0,0,363,113,0,0
,,GLYMA_15G012700,KRH09810,15,1002510,1004331,-1,1002982,1004171,570,321,0,0,570,321,4.995931,68.334,570,321,8.934997,102.071,570,321,0,0,570,321,0,0,570,321,0,0,570,321,0,0,570,321,2.076731,65.849,570,321,0,0,570,321,29.164729,749.556,570,321,0,0,570,320,0,0,570,320,0.68418,1.482,570,320,0,0
,,GLYMA_15G012800,KRH09813,15,1012651,1016161,-1,1012651,1016161,861,612,0.17366,4.641,861,612,2.547403,66.43,861,612,0.76548,16.672,861,612,1.553135,42.885,861,612,0.037059,1.054,861,612,0,0,861,612,0.392546,10.053,861,612,30.031869,1815.496,861,612,0,0,861,612,56.262222,2756.825,861,612,0.041856,2.214,861,611,1.908984,7.097,861,611,2.062993,8.534,861,611,0,0
,,GLYMA_15G017500,KRH09904,15,1367022,1369950,1,1367273,1369055,864,615,7.478564,200.829,864,615,13.970931,366.115,864,615,7.193988,157.452,864,615,3.079994,85.462,864,615,0,0,864,615,5.148416,143.634,864,615,8.052052,207.226,864,615,0,0,864,615,0,0,864,615,0,0,864,615,0,0,864,614,4.674281,17.462,864,614,5.530055,22.988,864,614,0,0
,,GLYMA_15G017500,KRH09903,15,1367022,1369950,1,1367022,1369391,1342,1093,0,0,1342,1093,2.562343,119.337,1342,1093,0.304984,11.863,1342,1093,0,0,1342,1093,0,0,1342,1093,0,0,1342,1093,0,0,1342,1093,0.790853,85.384,1342,1093,0,0,1342,1093,31.100809,2721.653,1342,1093,0,0,1342,1092,0,0,1342,1092,0,0,1342,1092,0,0
,,GLYMA_15G017500,KRH09905,15,1367022,1369950,1,1367273,1369055,NA,NA,NA,NA,NA,NA,NA,NA,NA,NA,NA,NA,NA,NA,NA,NA,NA,NA,NA,NA,NA,NA,NA,NA,NA,NA,NA,NA,NA,NA,NA,NA,NA,NA,NA,NA,NA,NA,NA,NA,NA,NA,NA,NA,NA,NA,NA,NA,NA,NA,NA,NA,NA,NA,NA,NA
,,GLYMA_15G017500,KRH09902,15,1367022,1369950,1,1367022,1369950,1614,1365,10.936503,651.845,1614,1365,17.794125,1034.967,1614,1365,8.804709,427.712,1614,1365,14.915091,918.555,1614,1365,5.743871,364.283,1614,1365,6.242069,386.517,1614,1365,8.07947,461.506,1614,1365,15.293421,2062.048,1614,1365,3.036705,197.926,1614,1365,54.020106,5903.765,1614,1365,5.110605,603.006,1614,1364,3.300627,27.392,1614,1364,7.86221,72.605,1614,1364,1.807851,16.273
,,GLYMA_15G020300,KRH09949,15,1573643,1577917,1,1573643,1577917,2622,2373,0.186345,19.309,2622,2373,0,0,2622,2373,0,0,2622,2373,0,0,2622,2373,0.296116,32.648,2622,2373,0,0,2622,2373,0,0,2622,2373,0,0,2622,2373,0,0,2622,2373,0,0,2622,2373,0,0,2622,2372,5.117838,73.86,2622,2372,0,0,2622,2372,1.454167,22.762
,,GLYMA_15G020300,KRH09948,15,1573643,1577917,1,1574227,1577900,2021,1772,42.470427,3286.122,2021,1772,19.515398,1473.527,2021,1772,47.520291,2996.724,2021,1772,27.527192,2200.758,2021,1772,45.437063,3740.896,2021,1772,75.229999,6047.311,2021,1772,30.583841,2267.869,2021,1772,2.927103,512.346,2021,1772,11.723151,991.919,2021,1772,22.265766,3158.947,2021,1772,30.024028,4598.85,2021,1771,18.069376,194.703,2021,1771,10.070071,120.742,2021,1771,0,0
,,GLYMA_15G091000,KRH11131,15,6983384,6990249,-1,6983738,6989467,2697,2448,7.583752,810.642,2697,2448,2.792242,291.261,2697,2448,2.349256,204.666,2697,2448,6.736819,744.068,2697,2448,0,0,2697,2448,34.199074,3797.811,2697,2448,6.46916,662.707,2697,2448,0.55319,133.766,2697,2448,0,0,2697,2448,19.413768,3805.066,2697,2448,0,0,2697,2447,0,0,2697,2447,0,0,2697,2447,0,0
,,GLYMA_15G091000,KRH11132,15,6983384,6990249,-1,6983384,6990249,4645,4396,0.724776,139.122,4645,4396,0.017661,3.308,4645,4396,0.284701,44.54,4645,4396,0.465299,92.286,4645,4396,0.459529,93.858,4645,4396,0.820776,163.678,4645,4396,0.586078,107.814,4645,4396,0.019759,8.58,4645,4396,0,0,4645,4396,0.551401,194.074,4645,4396,0,0,4645,4395,0.327577,8.76,4645,4395,0,0,4645,4395,0,0
,,GLYMA_15G091000,KRH11130,15,6983384,6990249,-1,6983384,6990249,3830,3581,24.133924,3773.685,3830,3581,13.978302,2132.926,3830,3581,30.63539,3904.196,3830,3581,31.479093,5085.963,3830,3581,11.108567,1848.264,3830,3581,24.401469,3963.947,3830,3581,13.87329,2078.959,3830,3581,0.89866,317.879,3830,3581,2.885716,493.431,3830,3581,9.979565,2861.257,3830,3581,2.665057,824.95,3830,3580,2.943608,64.117,3830,3580,3.766504,91.291,3830,3580,0.254089,6.003
,,GLYMA_15G091000,KRH11133,15,6983384,6990249,-1,6983738,6988409,2454,2205,6.663873,641.606,2454,2205,8.241576,774.348,2454,2205,20.402868,1601.046,2454,2205,12.77895,1271.307,2454,2205,9.577318,981.192,2454,2205,0,0,2454,2205,5.546119,511.752,2454,2205,0.605505,131.883,2454,2205,1.55788,164.025,2454,2205,9.515878,1679.958,2454,2205,2.340603,446.121,2454,2204,0,0,2454,2204,0,0,2454,2204,0,0
,,GLYMA_15G142600,KRH11968,15,11667437,11694054,1,11667437,11694054,6328,6079,0.2974,78.942,6328,6079,0.808104,209.323,6328,6079,1.301928,281.659,6328,6079,0.137604,37.741,6328,6079,0,0,6328,6079,0.749256,206.619,6328,6079,0.476767,121.283,6328,6079,0.288683,173.346,6328,6079,0.55859,162.141,6328,6079,0.257636,125.395,6328,6079,0,0,6328,6078,1.787285,66.095,6328,6078,2.231474,91.825,6328,6078,0.675752,27.104
,,GLYMA_15G142600,KRH11969,15,11667437,11694054,1,11669282,11694054,5740,5491,4.116304,986.943,5740,5491,2.163117,506.114,5740,5491,4.957913,968.845,5740,5491,3.563249,882.763,5740,5491,5.422336,1383.374,5740,5491,5.510621,1372.649,5740,5491,1.942121,446.262,5740,5491,1.070312,580.528,5740,5491,3.106448,814.486,5740,5491,2.48794,1093.786,5740,5491,4.226359,2006.016,5740,5490,3.692687,123.346,5740,5490,0,0,5740,5490,2.10437,76.24
,,GLYMA_15G142600,KRH11970,15,11667437,11694054,1,11667437,11694054,8720,8471,0,0,8720,8471,0,0,8720,8471,0.054507,16.432,8720,8471,0,0,8720,8471,0,0,8720,8471,0.006625,2.546,8720,8471,0,0,8720,8471,0,0,8720,8471,0,0,8720,8471,0.003702,2.511,8720,8471,0,0,8720,8470,0.115189,5.936,8720,8470,0,0,8720,8470,0.040145,2.244
,,GLYMA_15G181000,KRH12588,15,17479272,17487578,-1,17479272,17487328,4722,4473,4.032325,787.568,4722,4473,5.296817,1009.557,4722,4473,4.74967,756.077,4722,4473,2.119553,427.75,4722,4473,5.300712,1101.628,4722,4473,6.11811,1241.434,4722,4473,2.602657,487.167,4722,4473,1.906902,842.537,4722,4473,4.651943,993.577,4722,4473,3.852314,1379.627,4722,4473,0.712287,275.404,4722,4472,3.247057,88.349,4722,4472,2.678662,81.101,4722,4472,1.607938,47.453
,,GLYMA_15G181000,KRH12587,15,17479272,17487578,-1,17479272,17487578,4972,4723,0,0,4972,4723,0,0,4972,4723,0.065297,10.975,4972,4723,0,0,4972,4723,0,0,4972,4723,0,0,4972,4723,0,0,4972,4723,0,0,4972,4723,0,0,4972,4723,0,0,4972,4723,0,0,4972,4722,0,0,4972,4722,1.677324,53.623,4972,4722,0,0
,,GLYMA_16G000300,KRH06026,16,25179,31940,-1,25179,31940,2755,2506,14.781388,1617.445,2755,2506,11.652401,1244.267,2755,2506,18.395044,1640.536,2755,2506,13.729412,1552.314,2755,2506,19.271788,2243.906,2755,2506,23.569644,2679.425,2755,2506,11.692488,1226.169,2755,2506,9.355251,2315.784,2755,2506,18.586042,2224.007,2755,2506,15.342007,3078.252,2755,2506,9.478667,2053.265,2755,2505,12.304855,187.541,2755,2505,10.567442,179.219,2755,2505,4.233626,69.986
,,GLYMA_16G023600,KRH06452,16,2253326,2258523,-1,2253357,2258522,3045,2796,0,0,3045,2796,0,0,3045,2796,0,0,3045,2796,0,0,3045,2796,0,0,3045,2796,0,0,3045,2796,0,0,3045,2796,0,0,3045,2796,0,0,3045,2796,0,0,3045,2796,0,0,3045,2795,0,0,3045,2795,0,0,3045,2795,0,0
,,GLYMA_16G023600,KRH06451,16,2253326,2258523,-1,2253326,2258523,3081,2832,21.273921,2630.717,3081,2832,9.54386,1151.687,3081,2832,22.065738,2223.902,3081,2832,18.469447,2359.901,3081,2832,51.901613,6829.293,3081,2832,58.246322,7482.889,3081,2832,22.000399,2607.27,3081,2832,1.482088,414.599,3081,2832,0,0,3081,2832,0.823623,186.751,3081,2832,5.689943,1392.893,3081,2831,23.922628,412.059,3081,2831,7.371101,141.28,3081,2831,1.267483,23.679
,,GLYMA_16G023600,KRH06450,16,2253326,2258523,-1,2253357,2258520,3038,2789,5.713782,695.834,3038,2789,2.876151,341.804,3038,2789,7.916242,785.727,3038,2789,0,0,3038,2789,6.520308,844.925,3038,2789,0.990211,125.281,3038,2789,7.049383,822.739,3038,2789,0,0,3038,2789,0.167952,22.367,3038,2789,2.995035,668.793,3038,2789,0,0,3038,2788,0.41703,7.074,3038,2788,0,0,3038,2788,0,0
,,GLYMA_16G050500,KRH06858,16,4853237,4856710,1,4853237,4856710,2776,2527,55.69842,6145.843,2776,2527,35.061948,3775.36,2776,2527,58.586254,5268.717,2776,2527,32.831068,3743.147,2776,2527,82.133333,9643.315,2776,2527,87.939197,10080.806,2776,2527,38.297183,4049.807,2776,2527,13.107811,3271.876,2776,2527,47.396469,5718.992,2776,2527,27.176499,5498.443,2776,2527,27.899216,6094.159,2776,2526,32.138566,493.936,2776,2526,17.503017,299.332,2776,2526,8.945171,149.112
,,GLYMA_16G146400,KRH08397,16,30725651,30728927,-1,30725651,30728927,2528,2279,4.136242,411.608,2528,2279,1.785618,173.4,2528,2279,5.014905,406.734,2528,2279,1.891779,194.519,2528,2279,2.665253,282.218,2528,2279,3.286036,339.722,2528,2279,1.715974,163.65,2528,2279,1.140136,256.663,2528,2279,0.962267,104.715,2528,2279,1.393485,254.266,2528,2279,0.168708,33.235,2528,2278,2.020066,27.998,2528,2278,0.583583,9,2528,2278,0.665206,10
IAA31,C,GLYMA_17G042800,KRH02509,17,3180124,3182275,-1,3181222,3182206,732,483,2.121747,44.748,732,483,0.776071,15.972,732,483,2.188781,37.623,732,483,1.632818,35.582,732,483,0.53354,11.973,732,483,0,0,732,483,0.812842,16.429,732,483,0.574601,27.414,732,483,0,0,732,483,1.260012,48.726,732,483,0,0,732,482,1.022971,3,732,482,0,0,732,482,51.612839,164.17
,,GLYMA_17G042800,KRH02508,17,3180124,3182275,-1,3180124,3182275,1796,1547,0.429376,29.004,1796,1547,0.667912,44.028,1796,1547,0.529038,29.126,1796,1547,0.185492,12.947,1796,1547,0,0,1796,1547,0.155983,10.947,1796,1547,0.29259,18.941,1796,1547,0.077136,11.787,1796,1547,0,0,1796,1547,0.501545,62.121,1796,1547,0,0,1796,1546,0,0,1796,1546,0.731337,7.655,1796,1546,16.499594,168.334
,,GLYMA_17G047100,KRH02575,17,3560557,3568575,1,3560557,3568575,5459,5210,6.072287,1381.412,5459,5210,15.007096,3331.589,5459,5210,8.745208,1621.481,5459,5210,3.623353,851.716,5459,5210,11.676215,2826.451,5459,5210,13.823146,3267.023,5459,5210,5.662069,1234.455,5459,5210,4.171805,2146.956,5459,5210,4.130239,1027.499,5459,5210,11.207317,4674.987,5459,5210,4.922437,2216.84,5459,5209,2.99139,94.807,5459,5209,3.866596,136.361,5459,5209,0.354356,12.181
IAA29,C,GLYMA_17G112300,KRH03666,17,8857447,8858552,1,8857447,8858552,903,654,4.30719,123,903,654,12.523641,349,903,654,2.534956,59,903,654,1.728406,51,903,654,4.409866,134,903,654,8.999658,267,903,654,5.992442,164,903,654,0.696584,45,903,654,0,0,903,654,12.443656,651.578,903,654,0.725253,41,903,653,1.510174,6,903,653,0,0,903,653,0.464116,2
,,GLYMA_17G256500,KRH05923,17,41032305,41037627,-1,41032305,41037627,3338,3089,7.845772,1058.247,3338,3089,2.581028,339.725,3338,3089,17.662479,1941.661,3338,3089,3.311743,461.553,3338,3089,28.072725,4029.064,3338,3089,24.136925,3382.263,3338,3089,7.085973,915.967,3338,3089,0.302999,92.453,3338,3089,69.18209,10204.221,3338,3089,1.046225,258.752,3338,3089,1.222648,326.465,3338,3088,2.954026,55.501,3338,3088,4.491654,93.905,3338,3088,0.392173,7.992
,,GLYMA_18G030200,KRG97777,18,2321931,2326093,1,2321931,2326093,2381,2132,14.18002,1320.071,2381,2132,12.278526,1115.451,2381,2132,15.039219,1141.081,2381,2132,14.814836,1425.052,2381,2132,10.139637,1004.411,2381,2132,10.416625,1007.446,2381,2132,11.029829,984.052,2381,2132,7.17594,1511.219,2381,2132,27.271974,2776.336,2381,2132,15.721075,2683.554,2381,2132,13.089738,2412.319,2381,2131,7.422297,96.235,2381,2131,29.121534,420.151,2381,2131,11.628273,163.527
,,GLYMA_18G046800,KRG98044,18,4089351,4096885,1,4089351,4096885,3591,3342,20.466313,2986.616,3591,3342,13.97313,1989.836,3591,3342,23.83219,2834.486,3591,3342,17.80661,2684.938,3591,3342,19.764697,3069.01,3591,3342,28.970075,4392.013,3591,3342,12.630524,1766.404,3591,3342,5.731607,1892.101,3591,3342,9.902572,1580.239,3591,3342,18.295403,4895.414,3591,3342,3.331042,962.284,3591,3341,5.013286,101.908,3591,3341,6.366706,144.012,3591,3341,0.793588,17.497
,,GLYMA_18G184500,KRH00001,18,44451085,44457655,1,44451085,44457655,3542,3293,2.996375,430.845,3542,3293,4.035736,566.28,3542,3293,5.106264,598.41,3542,3293,2.436048,361.93,3542,3293,4.832336,739.351,3542,3293,7.419851,1108.395,3542,3293,3.341658,460.486,3542,3293,0.583017,189.642,3542,3293,2.434198,382.751,3542,3293,2.217362,584.614,3542,3293,0.121262,34.517,3542,3292,0,0,3542,3292,7.262503,161.865,3542,3292,0,0
,,GLYMA_18G184500,KRH00002,18,44451085,44457655,1,44451085,44457655,3416,3167,0,0,3416,3167,0,0,3416,3167,0,0,3416,3167,0,0,3416,3167,0,0,3416,3167,0,0,3416,3167,0,0,3416,3167,0,0,3416,3167,0,0,3416,3167,0,0,3416,3167,0,0,3416,3166,2.927546,56.393,3416,3166,5.282805,113.236,3416,3166,3.166604,66.16
,,GLYMA_18G184500,KRH00003,18,44451085,44457655,1,44452801,44457655,2890,2641,2.179629,251.353,2890,2641,0,0,2890,2641,0,0,2890,2641,0,0,2890,2641,2.847192,349.371,2890,2641,0.824697,98.803,2890,2641,0.860265,95.074,2890,2641,0.072327,18.868,2890,2641,0.997795,125.828,2890,2641,0.072033,15.231,2890,2641,1.002915,228.955,2890,2640,0,0,2890,2640,0,0,2890,2640,0,0
,,GLYMA_19G100200,KRG94665,19,34719621,34722963,-1,34719621,34722963,2711,2462,42.087683,4524.561,2711,2462,43.03158,4514.321,2711,2462,42.689001,3740.313,2711,2462,27.129734,3013.563,2711,2462,60.919431,6968.6,2711,2462,75.317808,8411.884,2711,2462,31.290701,3223.781,2711,2462,13.615904,3311.281,2711,2462,44.433814,5223.6,2711,2462,19.247151,3793.984,2711,2462,12.545145,2669.81,2711,2461,27.410816,410.435,2711,2461,21.526502,358.668,2711,2461,7.313215,118.771
,,GLYMA_19G161000,KRG95615,19,42172235,42174507,-1,42173313,42174287,546,297,4.478037,58.073,546,297,404.803343,5122.92,546,297,17.846549,188.632,546,297,44.077715,590.639,546,297,3.197441,44.123,546,297,2.314,31.177,546,297,2.924909,36.352,546,297,72.73075,2133.713,546,297,0.843634,11.964,546,297,177.214792,4214.028,546,297,41.028328,1053.312,546,296,6.919914,12.462,546,296,6.33875,12.703,546,296,0,0
,,GLYMA_19G161000,KRG95613,19,42172235,42174507,-1,42172235,42174507,1734,1485,0.748052,48.506,1734,1485,29.191761,1847.157,1734,1485,3.284473,173.579,1734,1485,5.633725,377.458,1734,1485,0.179915,12.414,1734,1485,0.426679,28.743,1734,1485,0,0,1734,1485,16.423199,2409.049,1734,1485,0.212049,15.036,1734,1485,21.654782,2574.668,1734,1485,3.904429,501.188,1734,1484,1.091316,9.854,1734,1484,3.667692,36.85,1734,1484,0.919006,9
,,GLYMA_19G161000,KRG95614,19,42172235,42174507,-1,42172235,42174507,1832,1583,0.15039,10.395,1832,1583,8.085547,545.39,1832,1583,0,0,1832,1583,0,0,1832,1583,0,0,1832,1583,0,0,1832,1583,0.613464,40.638,1832,1583,2.357951,368.703,1832,1583,0,0,1832,1583,5.082386,644.154,1832,1583,0,0,1832,1582,0.358633,3.452,1832,1582,0,0,1832,1582,0,0
,,GLYMA_19G161100,KRG95616,19,42187796,42191925,1,42187796,42191925,1784,1535,6.156592,412.65,1784,1535,108.404702,7090.446,1784,1535,8.523381,465.612,1784,1535,30.82654,2134.911,1784,1535,0.817625,58.313,1784,1535,0.938549,65.354,1784,1535,2.175286,139.729,1784,1535,43.829775,6645.675,1784,1535,0.045598,3.342,1784,1535,334.804651,41147.251,1784,1535,4.519645,599.693,1784,1534,1.253888,11.703,1784,1534,31.87973,331.091,1784,1534,15.878389,160.739
,,GLYMA_19G168500,KRG95741,19,42928530,42933308,1,42928530,42933308,1279,1030,0,0,1279,1030,0,0,1279,1030,0,0,1279,1030,0,0,1279,1030,0,0,1279,1030,0,0,1279,1030,0,0,1279,1030,0.052799,5.372,1279,1030,0,0,1279,1030,0,0,1279,1030,0,0,1279,1029,0,0,1279,1029,1.493133,10.402,1279,1029,0,0
,,GLYMA_19G168500,KRG95742,19,42928530,42933308,1,42928530,42933211,1636,1387,0.886407,53.684,1636,1387,0,0,1636,1387,0.924965,45.657,1636,1387,0.046216,2.892,1636,1387,0.694346,44.746,1636,1387,0.273686,17.22,1636,1387,0.103616,6.014,1636,1387,0.872966,119.601,1636,1387,0.034862,2.309,1636,1387,0.147493,16.379,1636,1387,2.20168,263.965,1636,1386,0,0,1636,1386,0.59656,5.598,1636,1386,0,0
,,GLYMA_19G168500,KRG95744,19,42928530,42933308,1,42928797,42932412,705,456,1.58374,31.534,705,456,0.357594,6.948,705,456,3.602839,58.467,705,456,3.661131,75.323,705,456,1.768979,37.479,705,456,0,0,705,456,1.078042,20.571,705,456,2.387368,107.534,705,456,4.347664,94.665,705,456,0,0,705,456,0,0,705,455,2.528574,7,705,455,0,0,705,455,0,0
,,GLYMA_19G168500,KRG95740,19,42928530,42933308,1,42928530,42933234,1264,1015,0,0,1264,1015,0,0,1264,1015,0,0,1264,1015,0,0,1264,1015,0,0,1264,1015,0,0,1264,1015,0,0,1264,1015,0,0,1264,1015,0,0,1264,1015,0.54496,44.287,1264,1015,0,0,1264,1014,0,0,1264,1014,0,0,1264,1014,0,0
,,GLYMA_19G168500,KRG95739,19,42928530,42933308,1,42928530,42933239,1272,1023,0.126217,5.638,1272,1023,0,0,1272,1023,0,0,1272,1023,0,0,1272,1023,0,0,1272,1023,0,0,1272,1023,0,0,1272,1023,0,0,1272,1023,0,0,1272,1023,0,0,1272,1023,0,0,1272,1022,0,0,1272,1022,0,0,1272,1022,0,0
,,GLYMA_19G168500,KRG95743,19,42928530,42933308,1,42928674,42933234,1255,1006,0,0,1255,1006,0.444448,19.052,1255,1006,0.714357,25.575,1255,1006,0.149488,6.785,1255,1006,0,0,1255,1006,1.108618,50.593,1255,1006,0.894333,37.65,1255,1006,0.942011,93.609,1255,1006,0.500172,24.026,1255,1006,0.398087,32.064,1255,1006,4.025282,350.035,1255,1005,0,0,1255,1005,0,0,1255,1005,2.512143,16.661
,,GLYMA_19G181900,KRG95987,19,44046183,44050281,-1,44046183,44050281,3363,3114,9.972585,1356,3363,3114,13.444949,1784,3363,3114,9.158905,1015,3363,3114,8.149674,1145,3363,3114,4.354319,630,3363,3114,7.709066,1089,3363,3114,7.18282,936,3363,3114,1.472713,453,3363,3114,3.961215,589,3363,3114,7.123335,1776,3363,3114,6.014668,1619,3363,3113,2.851042,54,3363,3113,3.795803,80,3363,3113,2.774633,57
,,GLYMA_19G206100,KRG96367,19,46167548,46178826,-1,46167548,46178826,2693,2444,2.670142,284.95,2693,2444,0.719824,74.963,2693,2444,3.700273,321.839,2693,2444,0.516924,57,2693,2444,19.003864,2157.967,2693,2444,16.370928,1815.023,2693,2444,4.90313,501.461,2693,2444,0.004142,1,2693,2444,0.351329,41,2693,2444,0.102209,20,2693,2444,0.383413,81,2693,2443,1.143706,17,2693,2443,0,0,2693,2443,0,0
,,GLYMA_19G206800,KRG96377,19,46220427,46224265,1,46220427,46224265,2434,2185,29.37748,2802.847,2434,2185,13.907445,1294.839,2434,2185,26.728168,2078.378,2434,2185,22.735804,2241.343,2434,2185,20.598762,2091.193,2434,2185,24.312187,2409.811,2434,2185,18.931187,1730.978,2434,2185,6.489989,1400.738,2434,2185,13.373494,1395.29,2434,2185,13.364493,2338.002,2434,2185,7.57106,1429.963,2434,2184,25.380331,337.257,2434,2184,5.994108,88.631,2434,2184,3.091861,44.562
IAA20/30,C,GLYMA_19G221900,KRG96614,19,47383481,47385068,-1,47384176,47384924,477,228,0.256802,2.557,477,228,1.126256,10.942,477,228,0.962693,7.811,477,228,0,0,477,228,0.696444,7.378,477,228,2.613238,27.028,477,228,0,0,477,228,9.518649,214.374,477,228,0,0,477,228,0.22979,4.195,477,228,0,0,477,227,0,0,477,227,0,0,477,227,0,0
,,GLYMA_19G221900,KRG96613,19,47383481,47385068,-1,47383481,47385068,1213,964,0.129318,5.443,1213,964,0.410742,16.872,1213,964,0.034647,1.189,1213,964,0.275904,12,1213,964,0.117385,5.258,1213,964,0.388094,16.972,1213,964,0.247891,10,1213,964,2.616138,249.115,1213,964,0,0,1213,964,0.050803,3.921,1213,964,0,0,1213,963,0.586623,3.437,1213,963,0.678503,4.424,1213,963,0,0
,,GLYMA_19G245200,KRG96977,19,49232306,49234964,1,49232306,49234964,1296,1047,20.742733,948.301,1296,1047,52.881001,2359.193,1296,1047,19.365343,721.566,1296,1047,23.741349,1121.499,1296,1047,8.735236,424.935,1296,1047,10.715779,508.953,1296,1047,16.802397,736.173,1296,1047,3.413668,353.044,1296,1047,31.204788,1560.042,1296,1047,52.245964,4379.66,1296,1047,15.263275,1381.373,1296,1046,4.62374,29.426,1296,1046,3.248058,23.002,1296,1046,0.721506,4.98
,,GLYMA_20G120800,KRG90903,20,36343374,36344903,-1,36343374,36344903,826,577,0,0,826,577,1.016827,25,826,577,0,0,826,577,0,0,826,577,0,0,826,577,0,0,826,577,0,0,826,577,0,0,826,577,0,0,826,577,2.972969,137.343,826,577,4.110186,205,826,576,0,0,826,576,0,0,826,576,0,0
,,GLYMA_20G180000,KRG91907,20,41780308,41783535,-1,41780308,41783535,2451,2202,7.176882,690.059,2451,2202,2.834938,265.998,2451,2202,5.605486,439.273,2451,2202,3.012621,299.301,2451,2202,9.500919,972.041,2451,2202,7.391105,738.302,2451,2202,5.76968,531.657,2451,2202,6.146764,1336.981,2451,2202,0.230649,24.251,2451,2202,3.586474,632.304,2451,2202,1.923881,366.195,2451,2201,2.550623,34.157,2451,2201,3.168413,47.214,2451,2201,1.016304,14.762
,,GLYMA_20G210400,KRG92429,20,44642090,44644802,-1,44642090,44644802,1442,1193,4.160975,216.755,1442,1193,265.136463,13478.047,1442,1193,13.540402,574.878,1442,1193,15.528614,835.834,1442,1193,1.661192,92.079,1442,1193,0.821472,44.457,1442,1193,1.44442,72.11,1442,1193,130.804062,15414.276,1442,1193,0.244966,13.955,1442,1193,633.84412,60542.991,1442,1193,41.664671,4296.6,1442,1192,0.972353,7.052,1442,1192,62.2639,502.481,1442,1192,0.495348,3.897
,,GLYMA_20G210500,KRG92430,20,44685128,44686751,1,44685128,44686751,1219,970,15.40226,652.363,1219,970,14.501873,599.395,1219,970,17.472136,603.145,1219,970,11.338583,496.223,1219,970,2.638714,118.923,1219,970,9.980695,439.177,1219,970,16.191539,657.237,1219,970,37.010025,3546.113,1219,970,0,0,1219,970,63.25544,4912.591,1219,970,5.38673,451.662,1219,969,4.519255,26.644,1219,969,17.885449,117.336,1219,969,0.469146,3
,,GLYMA_20G225000,KRG92683,20,45944059,45947037,1,45944059,45947037,1142,893,83.900583,3271.521,1142,893,259.425512,9871.456,1142,893,100.588102,3196.701,1142,893,113.461714,4571.381,1142,893,92.557209,3840.284,1142,893,144.677356,5860.836,1142,893,86.120903,3218.268,1142,893,53.025576,4677.333,1142,893,10.711991,456.762,1142,893,102.248657,7310.55,1142,893,53.477803,4128.018,1142,892,21.058177,114.287,1142,892,104.233361,629.476,1142,892,53.539749,315.16