ensembl_gene_id,tair_locus,class,name,ortholog_name,Class,Family,AM,OF,IAM,IBM,RootTip,Cotyledon,Hypocotyl,SAM6D,SAM17D,SAM38D,Callus,Leaf,Root,Nodule
Glyma.01G002100,Glyma.01G002100.1,A,GmARF7/19,GmARF7/19_F,A,ARF,10.166688,11.093702,9.940766,11.778406,6.055558,6.293037,12.466244,8.948254,8.096833,5.74590599999999,9.251965,4.882454,6.89325299999999,1.926212
Glyma.01G002100,Glyma.01G002100.2,,,,A,ARF,0.835179,0.651092,0,0,0.082109,0,2.17064099999999,0,3.52488799999999,0.121896,0,0,0,0
Glyma.01G019400,Glyma.01G019400.1,,,,A,IAA,4.02322,7.572444,0,1.479181,3.67986,1.003818,8.86640799999999,2.98328,7.873006,3.443632,6.039812,10.540945,5.24640799999999,0.577946999999999
Glyma.01G019400,Glyma.01G019400.2,A,GmIAA8-9,GmIAA8-9-B,A,IAA,3.945653,0,6.009114,7.650699,2.21747799999999,2.098637,11.260883,9.39914199999999,0,2.491927,0.946289999999999,11.828802,22.5667149999999,1.890763
Glyma.01G019400,Glyma.01G019400.3,,,,A,IAA,22.514233,35.8508339999999,20.735453,26.6810809999999,16.122488,4.02986399999999,88.717989,25.0813589999999,26.514627,29.093086,17.719987,6.167892,0,0
Glyma.01G019400,Glyma.01G019400.4,,,,A,IAA,0.014433,0.173619,0.302269,0.313655999999999,0.184011,0,0.820390999999999,0.0613459999999999,0.0145489999999999,0,0.144012,0.748743999999999,0.593513999999999,0
Glyma.01G039300,Glyma.01G039300.2,A,GmIAA27,GmIAA27-B,A,IAA,4.06214099999999,0.862416999999999,0.376722,11.065203,0.976175,0,1.387266,1.412175,4.05577599999999,3.08313099999999,0,0,0,0
Glyma.01G098000,Glyma.01G098000.3,A,GmIAA8-9,GmIAA8-9-D,A,IAA,68.2162519999999,51.3506879999999,53.553189,96.2750199999999,32.6282259999999,78.301786,172.112449,101.538839999999,108.035003,57.568952,3.602672,72.1810519999999,53.7289699999999,22.3414119999999
Glyma.01G103500,Glyma.01G103500.1,B,GmARF9,GmARF9_A,B,ARF,23.365836,7.19518699999999,14.13592,28.2408019999999,4.91828199999999,2.088168,2.353419,26.5945439999999,33.6520459999999,16.405528,1.091669,0,0,0
Glyma.01G103500,Glyma.01G103500.2,,,,B,ARF,0,0,0,0,0,0,0,0,0,0,0,34.272015,229.534254,84.12323
Glyma.02G000500,Glyma.02G000500.1,A,GmIAA1-4,GmIAA1-4-D,A,IAA,26.459121,33.0542829999999,14.316242,11.978024,28.392084,6.330986,104.808194,23.099767,22.5034209999999,43.4471619999999,1.46493699999999,6.87082299999999,11.532303,0.666815999999999
Glyma.02G007300,Glyma.02G007300.1,B,GmIAA31,GmIAA31-F,C,IAA,0.080169,0.985836,1.08623,0.545382,0.0243109999999999,0,0.488354999999999,0.326483,0.180056999999999,0.724987,0,0.192088,0.172552,0
Glyma.02G065300,Glyma.02G065300.1,AFB2/3,GmAFB2/3,GmAFB2/3_C,AFB2/3,AFB/TIR1,7.99882,6.497067,7.759699,11.836297,3.848179,1.251193,4.64200299999999,13.173016,15.326832,6.586761,4.66703199999999,2.261619,3.118045,2.25109
Glyma.02G142400,Glyma.02G142400,,,,NA,NA,44.165173,2066.318483,271.914365999999,104.479271,145.702794,81.653889,220.80524,28.522683,37.653739,34.1145179999999,5.75325699999999,15.165584,55.9131259999999,0
Glyma.02G142500,Glyma.02G142500.3,A,GmIAA16,GmIAA16-F,A,IAA,14.68807,529.887080999999,73.1104109999999,28.5165089999999,43.2380909999999,0.202363999999999,114.709942,7.35683899999999,6.637677,7.45598899999999,1.05170499999999,20.562404,67.38361,1.533396
Glyma.02G142600,Glyma.02G142600.1,A,GmIAA1-4,GmIAA1-4-H,A,IAA,4.368019,80.6899169999999,19.626818,21.4424059999999,19.235016,5.92342299999999,13.5903379999999,2.986723,4.78666799999999,1.771882,0.679705,7.34850699999999,2.26301,6.20493299999999
Glyma.02G142600,Glyma.02G142600.2,,,,A,IAA,7.18318299999999,123.498739,59.3467389999999,33.350047000000004,24.031058,8.6071,28.247052,0,4.404992,1.801174,0,0,0,0
Glyma.02G152800,Glyma.02G152800.1,,,,TIR1,AFB/TIR1,0,0,0,0,0.555477,0,0.678317999999999,0,0,0,0,12.7383299999999,6.07774699999999,3.294737
Glyma.02G152800,Glyma.02G152800.2,TIR1/AFB1,GmTIR1/AFB1,GmTIR1/AFB1_D,TIR1,AFB/TIR1,22.069192,16.181094,21.004047,22.849022,12.164769,15.200032,20.2029369999999,29.3526789999999,33.9175299999999,17.176745,17.838179,0,0,0
Glyma.02G211800,Glyma.02G211800,,,,AFB4/5,AFB/TIR1,6.98003399999999,4.636579,4.172037,6.30084,4.63674699999999,2.524239,8.45475599999999,6.035692,6.66612199999999,3.48162899999999,3.87093899999999,3.86247199999999,10.1517529999999,2.34707499999999
Glyma.02G211800,Glyma.02G211800.1,AFB4/5,GmAFB4/5,GmAFB4/5_D,NA,NA,NA,NA,NA,NA,NA,NA,NA,NA,NA,NA,NA,NA,NA,NA
Glyma.02G218100,Glyma.02G218100.1,,,,A,IAA,NA,NA,NA,NA,NA,NA,NA,NA,NA,NA,NA,NA,NA,NA
Glyma.02G218100,Glyma.02G218100.2,,,,A,IAA,17.7160709999999,33.160657,9.402713,19.529546,18.464959,6.034739,19.884609,41.927213,45.314711,22.468515,2.488369,16.892251,63.329908,5.701698
Glyma.02G218100,Glyma.02G218100.3,A,GmIAA8-9,GmIAA8-9-H,A,IAA,NA,NA,NA,NA,NA,NA,NA,NA,NA,NA,NA,NA,NA,NA
Glyma.02G218100,Glyma.02G218100.4,,,,A,IAA,58.683503,91.01578,54.9235249999999,50.0381089999999,25.8878209999999,8.588162,51.413131,79.5811139999999,54.4074949999999,42.5680389999999,6.383128,0,0,0
Glyma.02G239600,Glyma.02G239600.1,A,GmARF8,GmARF8_C,A,ARF,18.062407,8.153791,22.2172839999999,25.144304,6.59578699999999,17.0549269999999,16.326781,22.5173239999999,12.659333,10.229414,2.71679799999999,21.320212,7.310538,0.657995
Glyma.02G239600,Glyma.02G239600.2,,,,A,ARF,2.909794,0,0,2.596753,0,0,1.00825199999999,0.776823999999999,0,0.721851,0,0,0,0
Glyma.02G239600,Glyma.02G239600.3,,,,A,ARF,37.168779,5.43927699999999,41.924483,51.089719,6.30838199999999,0,23.9866999999999,52.87285,68.490459,26.447317,6.139986,0,3.626608,0
Glyma.02G239600,Glyma.02G239600.4,,,,A,ARF,0,0,0.218475,0,0.370842,0.0119399999999999,0,0,1.122301,0,0.0231519999999999,1.161476,0.157309,0
Glyma.02G239600,Glyma.02G239600.5,,,,A,ARF,13.757865,13.859804,8.7711959999999891,7.35432099999999,6.099923,14.166313,33.826894,0,11.829332,13.5614729999999,1.55180999999999,0,0,0
Glyma.02G254300,Glyma.02G254300.1,COI1,GmCOI1,GmCOI1_C,COI1,AFB/TIR1,NA,NA,NA,NA,NA,NA,NA,NA,NA,NA,NA,NA,NA,NA
Glyma.02G281700,Glyma.02G281700.1,A,GmARF6,GmARF6_E,A,ARF,20.402659,13.073416,16.0868429999999,21.2474719999999,7.104116,10.711722,17.368718,15.922192,25.2868789999999,14.471819,9.899494,10.3293769999999,3.93856299999999,3.20526899999999
Glyma.02G281700,Glyma.02G281700.2,,,,A,ARF,0,0,0,0,0,0,0,0,0,0,0,0.349353,3.61574999999999,0
Glyma.02G281700,Glyma.02G281700.3,,,,A,ARF,0.0334959999999999,0,0,0.116507,0.0420719999999999,0,0,0,0,0,0,0,0.060122,0
Glyma.03G070500,Glyma.03G070500.1,B,GmARF9,GmARF9_B,B,ARF,14.963834,9.14943599999999,10.0143369999999,18.303006,6.361899,6.335987,4.15916499999999,21.230577,13.709403,9.639602,2.60344899999999,42.803542,126.598709,27.4919009999999
Glyma.03G070500,Glyma.03G070500.2,,,,B,ARF,45.008611,32.4976059999999,40.9243579999999,42.192675,8.439588,8.282666,7.071054,47.6722949999999,55.8065459999999,37.757871,0.68589,8.64716699999999,43.2778369999999,3.279099
Glyma.03G158600,Glyma.03G158600.1,A,GmIAA1-4,GmIAA1-4-F,A,IAA,2.123764,36.369667,8.34281799999999,3.178334,4.802952,0.098736,15.909252,0.658302,1.374,0.983933999999999,0.021027,2.34819399999999,2.88689699999999,0
Glyma.03G158700,Glyma.03G158700.1,A,GmIAA16,GmIAA16-H,A,IAA,62.978354,188.282417,63.4159709999999,50.273803,93.9132319999999,11.797675,382.933284,20.1633229999999,39.9190559999999,73.5356309999999,0.583158999999999,6.250057,14.892682,2.016265
Glyma.03G167400,Glyma.03G167400.10,,,,B,IAA,0,0,0,0.184457,0.101618,0,0,0,0.193712,0.060647,0,0.410893,0.246174,1.305593
Glyma.03G167400,Glyma.03G167400.11,,,,B,IAA,0,0,2.669419,1.074198,0,0,0,0,1.41150599999999,0,0.66242,0,0,0
Glyma.03G167400,Glyma.03G167400.9,B,GmIAA12-13,GmIAA12-13-B,B,IAA,0.757969,0.199519,0,1.01506699999999,0.331675,0,0.945973999999999,1.618781,0,0.856245999999999,0,0,0,0
Glyma.03G208800,Glyma.03G208800.1,B,GmARF2,GmARF2_E,B,ARF,0.141022,0.028981,0.03545,0.139780999999999,0.017437,0,0,0.921584999999999,0.648135,0.172108,0,0,0,0
Glyma.03G209400,Glyma.03G209400.1,TIR1/AFB1,GmTIR1/AFB1,GmTIR1/AFB1_B,TIR1,AFB/TIR1,25.967032,26.377921,14.286116,20.7193329999999,9.44560399999999,22.5496909999999,20.867913,28.476275,25.128377,20.548182,11.542469,26.686917,5.46541099999999,1.007309
Glyma.03G224800,Glyma.03G224800.1,B,GmIAA31,GmIAA31-D,C,IAA,0.425030999999999,0.594045,0.411345999999999,0.0920279999999999,2.636044,0.479922999999999,0.202948999999999,4.40240899999999,1.925249,0.860906999999999,0,0.280731,0.900155999999999,0
Glyma.03G247400,Glyma.03G247400.1,A,GmIAA16,GmIAA16-C,A,IAA,123.752976,182.226043,143.672394,136.882837999999,68.2945519999999,100.483878,215.724837,75.229555,108.926253,87.0819139999999,65.4201589999999,178.440542999999,98.055423,5.41504899999999
Glyma.03G258300,Glyma.03G258300.1,B,GmARF11/18,GmARF11/18_C,B,ARF,4.33998699999999,3.166519,2.409705,4.274833,0.821664999999999,10.9693609999999,7.628789,4.103059,6.653272,3.223339,4.490535,17.8757799999999,13.9448799999999,4.864193
Glyma.04G066300,Glyma.04G066300.1,C,GmIAA29,GmIAA29-B,C,IAA,2.08014,0.937204999999999,0.518758999999999,0.439971999999999,0.169127,1.35769199999999,3.89024599999999,0.837860999999999,2.294509,1.30790999999999,0.0217399999999999,1.186399,0.879363,0
Glyma.04G089900,Glyma.04G089900.1,A,GmIAA8-9,GmIAA8-9-F,A,IAA,16.622062,10.753816,15.766341,20.62985,5.789791,13.451751,42.1120579999999,22.072044000000002,30.4169489999999,16.406402,10.68533,10.3106899999999,14.19532,6.34729299999999
Glyma.04G093500,Glyma.04G093500.1,AFB4/5,GmAFB4/5,GmAFB4/5_B,AFB4/5,AFB/TIR1,20.8465269999999,19.4589889999999,12.747583,18.4312499999999,4.329313,4.938035,16.720706,21.089969,25.7086709999999,15.2675889999999,8.446758,5.368235,9.99334299999999,1.344543
Glyma.04G200600,Glyma.04G200600.1,B,GmARF2,GmARF2_B,B,ARF,59.132821,34.7769499999999,54.0236769999999,104.014185,5.893899,15.0362589999999,13.614824,40.0360999999999,67.500984,33.565553,5.08817499999999,22.6368359999999,12.527492,10.758737
Glyma.04G200600,Glyma.04G200600.2,,,,B,ARF,26.73452,16.607927,37.897829,13.127561,0,1.352247,4.497224,0,68.231384,19.768642,7.29107699999999,0,4.688822,1.582784
Glyma.04G254200,Glyma.04G254200.1,C,GmARF17,GmARF17_F,C,ARF,6.158024,1.740286,4.75194199999999,7.621131,1.658487,1.952639,3.41796299999999,5.28887399999999,6.77122699999999,5.64979199999999,2.313244,3.264723,0.916848,1.97530199999999
Glyma.05G143800,Glyma.05G143800.2,A,GmARF6,GmARF6_B,A,ARF,NA,NA,NA,NA,NA,NA,NA,NA,NA,NA,NA,NA,NA,NA
Glyma.05G200800,Glyma.05G200800.1,,,,B,ARF,23.7369319999999,7.30033699999999,13.387625,33.516112,4.197497,21.693739,20.950298,31.857638,31.0631179999999,16.461606,4.368482,44.0300519999999,25.338768,21.300657
Glyma.05G200800,Glyma.05G200800.2,,,,B,ARF,NA,NA,NA,NA,NA,NA,NA,NA,NA,NA,NA,NA,NA,NA
Glyma.05G200800,Glyma.05G200800.3,,,,B,ARF,NA,NA,NA,NA,NA,NA,NA,NA,NA,NA,NA,NA,NA,NA
Glyma.05G200800,Glyma.05G200800.4,B,GmARF2,GmARF2_C,B,ARF,106.794815,41.848269,90.20675,89.149798,3.92465399999999,25.5809649999999,38.494199,75.216825,290.33667,100.526084999999,25.977418,0,0,0
Glyma.05G200800,Glyma.05G200800.5,,,,B,ARF,0,7.085473,0.501114999999999,2.971384,0.026667,0,0.201143999999999,0.071856,31.068197,0.871982999999999,0,41.942957,37.2784679999999,9.539917
Glyma.05G221300,Glyma.05G221300.1,A,GmARF7/19,GmARF7/19_G,A,ARF,1.52384499999999,0.679327,0,2.978405,0.568936,0.226929999999999,1.60507599999999,0,0.655943,0.702173,0,3.260319,2.29521,0
Glyma.05G221300,Glyma.05G221300.2,,,,A,ARF,2.423506,4.72521099999999,3.187878,3.68050999999999,0.208647,1.988134,1.536381,0,5.701825,2.13553799999999,13.4894839999999,0,0,0
Glyma.05G221300,Glyma.05G221300.3,,,,A,ARF,1.965651,1.13593199999999,3.81725799999999,3.64558399999999,0,0,0,3.436221,4.684826,1.044273,5.350226,1.09548099999999,3.834565,0.815351
Glyma.05G229300,Glyma.05G229300.1,A,GmIAA27,GmIAA27-A,A,IAA,18.153737,8.425413,21.0892599999999,16.7087359999999,26.1330969999999,1.98768499999999,32.458291,11.588323,12.1525149999999,17.0723389999999,2.06400499999999,14.611019,10.990872,3.45551899999999
Glyma.06G067700,Glyma.06G067700.1,C,GmIAA29,GmIAA29-A,C,IAA,3.50079299999999,0.890595,0.688384,1.60779999999999,3.81586699999999,0.878032,5.55581999999999,2.058109,4.460483,4.603949,1.239941,2.894009,1.16782699999999,0
Glyma.06G091700,Glyma.06G091700.3,A,GmIAA8-9,GmIAA8-9-E,A,IAA,120.096829,73.349658,80.9289129999999,112.799969,14.116324,123.198735,118.32899,229.139072,393.546141999999,181.391747,71.7560059999999,45.7885899999999,20.983248,22.794609
Glyma.06G095400,Glyma.06G095400.1,AFB4/5,GmAFB4/5,GmAFB4/5_A,AFB4/5,AFB/TIR1,16.624289,16.028732,15.517072,13.1175669999999,3.67586799999999,9.842971,17.361197,17.568729,22.163578,11.157726,12.838756,8.101368,7.94671899999999,7.208545
Glyma.06G164900,Glyma.06G164900.2,,,,B,ARF,62.736767,31.362845,56.712867,104.850125,1.621706,14.695636,13.61886,48.102339,51.456817,31.9070329999999,8.665198,27.3966299999999,14.5014059999999,9.67307699999999
Glyma.06G164900,Glyma.06G164900.3,B,GmARF2,GmARF2_A,B,ARF,78.1612509999999,91.3332419999999,102.461124,95.8466209999999,1.569549,29.653419,18.983798,38.298793,237.526834,76.153152,6.04827799999999,3.67476,1.606524,0
Glyma.07G015200,Glyma.07G015200.1,B,GmIAA18/26/28,GmIAA18/26/28-A,B,IAA,5.79466899999999,13.8912049999999,8.566558,11.379673,1.35115,0,1.45796799999999,2.174033,5.36440599999999,5.11149499999999,0.351098999999999,1.073099,0.70718,0.255251
Glyma.07G018100,Glyma.07G018100.1,A,GmIAA27,GmIAA27-G,A,IAA,0.192266999999999,0.0826189999999999,0.914664999999999,0.880481999999999,0.0338349999999999,0,0.669649,0.449753,0.522868,0.338083,0.377607,0.167713,0.28054,0.431721
Glyma.07G034200,Glyma.07G034200.1,A,GmIAA6/19,GmIAA6/19-C,A,IAA,7.74491,24.5573659999999,23.786801,12.198858,5.13072999999999,2.026657,156.625749,1.34571299999999,0.847947,2.00292199999999,0,3.493091,6.730978,0
Glyma.07G054800,Glyma.07G054800.1,B,GmARF11/18,GmARF11/18_B,B,ARF,16.708991,2.98648399999999,6.034517,21.1812609999999,7.46542399999999,7.623516,12.85155,28.7770459999999,25.395101,15.547285,0.950639,15.305503,4.59912399999999,1.742318
Glyma.07G054800,Glyma.07G054800.2,,,,B,ARF,5.84325799999999,8.903698,0,10.375662,0,0,13.29852,4.33352999999999,10.794896,0,0,0,1.404485,0
Glyma.07G054800,Glyma.07G054800.3,,,,B,ARF,0.0402339999999999,3.442882,0,0.673143999999999,0.122256,0,6.286219,1.746042,0.171767,0,0,3.08577799999999,0.532260999999999,0
Glyma.07G054800,Glyma.07G054800.4,,,,B,ARF,25.597646,21.589312,16.5127489999999,16.960512,1.97220299999999,0.0261869999999999,23.794879,59.5562449999999,27.761288,23.940417,0,3.00183,0,0
Glyma.07G130400,Glyma.07G130400.1,A,GmARF7/19,GmARF7/19_E,A,ARF,18.550414,8.91469799999999,15.95095,18.729053,15.689098,23.1819929999999,16.71,16.764956,21.488396,10.756881,24.155359,2.99779699999999,25.928328,7.68851599999999
Glyma.07G130400,Glyma.07G130400.2,,,,A,ARF,0.512587,0.454695999999999,0.124804,0.317892999999999,2.662431,4.794673,3.61878799999999,1.208604,0.594837999999999,0.596527,0.219192,0.835716,1.282577,0.792175999999999
Glyma.07G130400,Glyma.07G130400.3,,,,A,ARF,2.23656299999999,3.831503,0,1.29286799999999,0.0675479999999999,3.559956,2.55637699999999,0,0,0,10.709223,0,0.333266999999999,0.182508
Glyma.07G134800,Glyma.07G134800.1,B,GmARF9,GmARF9_C,B,ARF,22.945872,12.408956,9.655552,21.760539,3.14084899999999,10.1653369999999,6.35918299999999,21.9983399999999,35.787787,14.9693799999999,1.246423,7.28538,18.606157,2.377057
Glyma.07G134900,Glyma.07G134900.1,,,,NA,NA,0,0,0,0,0.00319499999999999,0,0,0,0,0,0,0,0,0
Glyma.07G189800,Glyma.07G189800.3,,,,AFB6,AFB/TIR1,0,0,4.600346,0,0,0,0,0,0,0,0,7.63647999999999,7.12716999999999,0
Glyma.07G189800,Glyma.07G189800.4,,,,AFB6,AFB/TIR1,4.92877,12.740637,4.60943099999999,1.21619,1.051947,2.402663,7.22383799999999,1.775044,8.691558,4.77584799999999,10.9699519999999,0,0,0
Glyma.07G189800,Glyma.07G189800.5,AFB6,GmAFB6,GmAFB6_A,AFB6,AFB/TIR1,9.80911099999999,7.427073,0,11.728325,4.09794199999999,5.729744,5.47682999999999,10.762178,10.3215249999999,3.863775,4.64186,0,0,2.369101
Glyma.07G202200,Glyma.07G202200.1,B,GmARF3,GmARF3_A,B,ARF,7.458571,9.024369,5.336939,8.56065899999999,1.19084799999999,3.52237899999999,9.02194599999999,16.609475,11.472063,6.282427,1.01053299999999,6.40035699999999,2.190232,6.68292899999999
Glyma.07G272800,Glyma.07G272800.1,B,GmARF1,GmARF1_C,B,ARF,21.3942799999999,11.4252699999999,16.3319809999999,26.1868629999999,4.84037299999999,14.133984,11.318375,21.039361,36.436725,15.076548,8.02666699999999,12.3988239999999,15.443013,9.53598099999999
Glyma.08G008100,Glyma.08G008100.2,,,,B,ARF,41.952212,22.684099,48.4645879999999,54.60072,2.1665739999999998,14.976262,26.934453,45.899996,104.119336,30.814124,3.509392,48.2060329999999,26.6883069999999,8.83630999999999
Glyma.08G008100,Glyma.08G008100.3,B,GmARF2,GmARF2_D,B,ARF,41.903106,15.801812,23.417877,55.3296629999999,4.23641299999999,28.260708,18.724678,55.2306439999999,26.660841,30.862812,6.303453,0,0,0.216233
Glyma.08G027800,Glyma.08G027800.1,A,GmARF7/19,GmARF7/19_H,A,ARF,2.60582,14.5194759999999,2.32403199999999,3.41696599999999,0.392938,5.09318799999999,2.40283099999999,2.04284499999999,2.75305899999999,1.241745,2.84630299999999,0,3.263135,1.000961
Glyma.08G027800,Glyma.08G027800.2,,,,A,ARF,0,0,0,0,0,0,0,0,0,0,0,2.128037,0,0
Glyma.08G036400,Glyma.08G036400.1,A,GmIAA27,GmIAA27-C,A,IAA,30.1620689999999,20.512798,24.707899,24.42182,19.138375,4.943124,35.1056889999999,25.649175,24.004183,37.277883,2.972003,17.614542,20.206039,9.54404399999999
Glyma.08G036400,Glyma.08G036400.2,,,,A,IAA,3.016789,4.397535,0,2.641022,9.041546,0,13.4104069999999,1.758345,17.2426299999999,9.862723,0.125493999999999,0,4.059648,0
Glyma.08G059500,Glyma.08G059500.6,AFB6,GmAFB6,GmAFB6_B,AFB6,AFB/TIR1,5.50118699999999,12.771654,3.97298699999999,7.685747,3.64469999999999,1.96373,13.222675,5.330102,6.73375699999999,3.17572499999999,7.21661899999999,2.95109999999999,2.873463,0.301663
Glyma.08G059500,Glyma.08G059500.7,,,,AFB6,AFB/TIR1,NA,NA,NA,NA,NA,NA,NA,NA,NA,NA,NA,NA,NA,NA
Glyma.08G100100,Glyma.08G100100.2,,,,A,ARF,10.9478639999999,10.079952,9.415081,14.917609,1.869723,3.41575499999999,6.406989,13.41693,21.964082,7.507055,1.156184,8.67065599999999,16.5280489999999,5.183271
Glyma.08G100100,Glyma.08G100100.3,A,GmARF6,GmARF6_A,A,ARF,20.2849989999999,24.502918,20.677236,29.81443,3.42688,1.547231,14.1823,19.4936529999999,33.696086,15.036091,7.251703,1.37472599999999,0,0
Glyma.08G200700,Glyma.08G200700.1,B,GmIAA18/26/28,GmIAA18/26/28-B,B,IAA,0,0,0,0,0,0,0,0,0,0,0,1.700433,0.647403999999999,0
Glyma.08G200700,Glyma.08G200700.2,,,,B,IAA,4.176534,84.467348,12.9246979999999,15.250232,2.855877,1.06962399999999,4.309723,2.36702799999999,2.79632,3.63160999999999,0.311765,0,0,0
Glyma.08G203100,Glyma.08G203100.1,A,GmIAA27,GmIAA27-H,A,IAA,0,3.586262,0.928475,3.02237199999999,0.0310579999999999,0.918147999999999,11.502946,0.91632,0,1.476966,5.05679899999999,1.294767,0,0
Glyma.08G203100,Glyma.08G203100.2,,,,A,IAA,1.596727,0,0,0,0,0,0.493055999999999,0.115286,0.775951999999999,0,0.103556,0,0.473032,0
Glyma.08G207900,Glyma.08G207900.1,A,GmIAA6/19,GmIAA6/19-D,A,IAA,NA,NA,NA,NA,NA,NA,NA,NA,NA,NA,NA,NA,NA,NA
Glyma.08G273500,Glyma.08G273500.1,A,GmIAA8-9,GmIAA8-9-C,A,IAA,11.716396,4.55212699999999,11.3391009999999,13.6914669999999,3.17568599999999,3.34852,14.56962,10.9698239999999,8.90433799999999,6.498565,1.409971,10.836918,8.26395699999999,1.29274099999999
Glyma.08G273500,Glyma.08G273500.2,,,,A,IAA,60.2355519999999,42.618679,62.597901,70.6941149999999,15.15109,25.020319,166.602217,77.910628,90.255018,63.6455989999999,6.46279499999999,11.03095,6.618096,1.380951
Glyma.09G072200,Glyma.09G072200.1,A,GmARF7/19,GmARF7/19_A,A,ARF,5.37112899999999,8.11863899999999,2.510028,5.52407499999999,3.009542,4.75685,12.096284,15.194996,14.796613,4.769618,10.573197,3.25662999999999,5.82739899999999,1.018694
Glyma.09G193000,Glyma.09G193000.1,A,GmIAA27,GmIAA27-D,A,IAA,3.06226,1.36824499999999,2.191144,2.955951,0.320846999999999,1.64952499999999,12.752745000000001,3.34162299999999,5.057013,5.451717,0.199075,1.66754399999999,4.40209,0
Glyma.09G203300,Glyma.09G203300.1,A,GmIAA8-9,GmIAA8-9-A,A,IAA,12.042923,12.2782959999999,11.563238,12.009364,7.48857,20.222552,65.145077,15.3646809999999,9.18637,10.486376,5.806085,18.265003,15.2510429999999,3.992258
Glyma.09G203300,Glyma.09G203300.2,,,,A,IAA,0.763013999999999,0.085581,0,3.48508299999999,0.756641,0,5.860107,0.60379,0.296636999999999,0,0,0,0,0
Glyma.09G203300,Glyma.09G203300.3,,,,A,IAA,36.4725559999999,37.37397,38.158593,43.5418329999999,11.50587,0,117.295863,30.4266469999999,41.1141569999999,30.034268,6.42716599999999,0,30.080385,5.43513999999999
Glyma.10G000700,Glyma.10G000700.2,A,GmIAA1-4,GmIAA1-4-C,A,IAA,0,2.983903,11.798216,25.6414329999999,0,0,1.274675,0,1.925931,0,14.8833889999999,0,0,0
Glyma.10G021500,Glyma.10G021500.1,,,,TIR1,AFB/TIR1,14.4198989999999,9.741531,6.79070999999999,12.7351829999999,6.157738,17.688606,17.2038709999999,28.663983,21.325627,11.737596,3.718783,4.72606299999999,2.093318,0
Glyma.10G021500,Glyma.10G021500.2,TIR1/AFB1,GmTIR1/AFB1,GmTIR1/AFB1_C,TIR1,AFB/TIR1,19.724328,16.1706189999999,18.0967319999999,18.503468,10.239295,14.506518,14.635121,12.243954,22.316362,15.443247,25.621399,26.106051,5.641934,3.205496
Glyma.10G021500,Glyma.10G021500.3,,,,TIR1,AFB/TIR1,5.58320699999999,2.081541,2.888177,2.213239,0.666973,0.908393,1.2796400000000001,6.671513,2.120712,3.06451999999999,2.41394399999999,4.88890099999999,0.668684999999999,0.259647999999999
Glyma.10G031800,Glyma.10G031800.3,A,GmIAA1-4,GmIAA1-4-G,A,IAA,4.804718,79.3217999999999,9.39689599999999,6.132264,20.917407999999998,8.491082,40.977161,4.871437,4.22579399999999,6.288672,1.113756,4.07980099999999,1.696998,0.430117
Glyma.10G031900,Glyma.10G031900.1,A,GmIAA16,GmIAA16-E,A,IAA,2.35867799999999,46.045236,10.0626099999999,6.507048,7.05670999999999,0,7.21492799999999,1.284102,2.334242,1.07087099999999,0.048182,12.023263,40.0883889999999,0
Glyma.10G031900,Glyma.10G031900.2,,,,A,IAA,0.365319999999999,1.23234599999999,1.33784799999999,0.474787999999999,0.722195999999999,0,0.272079999999999,1.057052,0.030321,0,0,0,0,0
Glyma.10G040400,Glyma.10G040400.3,B,GmIAA12-13,GmIAA12-13-D,B,IAA,3.81878999999999,19.0339479999999,5.037925,3.876691,2.364736,0.595764999999999,10.501951,2.506351,3.694283,2.40911,1.091882,2.572001,6.148588,1.62531699999999
Glyma.10G053500,Glyma.10G053500.1,C,GmARF17,GmARF17_A,C,ARF,6.84338599999999,10.578868,5.74705099999999,6.023244,1.601361,1.747069,5.557321,2.42211499999999,4.091491,4.876355,3.509643,4.039302,2.398976,0.60104
Glyma.10G138500,Glyma.10G138500.1,B,GmIAA31,GmIAA31-E,C,IAA,0,0.811493,0,0.0919709999999999,1.609456,0,0.803143,0,0,0,0.0289659999999999,1.365753,0,0
Glyma.10G162400,Glyma.10G162400.1,,,,A,IAA,60.897385,87.148645,58.2138899999999,60.418559,39.5160199999999,28.827155,119.352819999999,55.456636,78.4522589999999,42.917887,2.24707899999999,23.9575619999999,65.117084,21.52767
Glyma.10G162400,Glyma.10G162400.2,A,GmIAA16,GmIAA16-A,A,IAA,50.429036,62.648515,44.799041,49.0478239999999,54.88613,14.5498689999999,258.563372,52.9198689999999,43.4823859999999,62.1821879999999,12.401001,7.425099,12.0772429999999,0
Glyma.10G162400,Glyma.10G162400.3,,,,A,IAA,2.91467799999999,8.854174,4.222902,8.03703499999999,3.93919599999999,10.577382,8.914773,8.936035,4.3897,5.41461599999999,1.472337,3.680323,0.386357999999999,0
Glyma.10G180000,Glyma.10G180000.1,A,GmIAA1-4,GmIAA1-4-A,A,IAA,18.0456229999999,50.3355869999999,13.378778,15.71465,182.245202,3.25,73.693009,8.441971,8.086857,15.397981,0.033888,22.9327809999999,40.590251,3.43836899999999
Glyma.10G180000,Glyma.10G180000.2,,,,A,IAA,18.181273,80.139756,6.45795899999999,20.748054,61.2074029999999,15.804295,60.587657,0,0,12.12382,0,7.20165599999999,11.502032,0
Glyma.10G180100,Glyma.10G180100.1,A,GmIAA7/14/17,GmIAA7/14/17-A,A,IAA,7.941917,536.895072,6.035997,7.033665,214.246603999999,30.7298259999999,350.297555999999,2.600212,4.42639199999999,5.20939599999999,2.744771,20.850299,94.160633,5.26951899999999
Glyma.10G210600,Glyma.10G210600.1,C,GmARF10/16,GmARF10/16_E,C,ARF,15.917001,6.97154,9.53772299999999,11.845456,19.0791609999999,1.68431099999999,7.75314299999999,15.128833,15.270284,10.258521,0.677706,3.091129,9.38785099999999,7.79876699999999
Glyma.10G270500,Glyma.10G270500.1,C,GmIAA32/34,GmIAA32/34-A,C,IAA,0,0,0,0.492012,0.019696,0,2.883292,0,0,0.0464919999999999,0,0.640769,0,0
Glyma.11G145500,Glyma.11G145500.1,C,GmARF10/16,GmARF10/16_D,C,ARF,15.909573,17.106814,12.5861059999999,12.520897,6.758486,30.4014929999999,8.543969,9.31024799999999,10.078082,10.215456,0.759723,4.04771299999999,2.691333,0.596544999999999
Glyma.11G154632,Glyma.11G154632.1,B,GmARF4,GmARF4_B,B,ARF,NA,NA,NA,NA,NA,NA,NA,NA,NA,NA,NA,NA,NA,NA
Glyma.11G204200,Glyma.11G204200.1,A,GmARF8,GmARF8_A,A,ARF,19.2410749999999,21.103199,0,3.05566,3.172375,0,5.721453,0,0,17.832069,0,18.572984,3.488127,1.310676
Glyma.11G204200,Glyma.11G204200.2,,,,A,ARF,13.373647,0,35.09998,44.1593909999999,4.581945,10.26129,31.902014,32.2147859999999,40.620313,0,17.181705,0,0,0
Glyma.11G227300,Glyma.11G227300.1,COI1,GmCOI1,GmCOI1_B,COI1-A,AFB/TIR1,18.068083,11.595375,28.7962789999999,30.443669,4.93059199999999,21.3280439999999,21.024339,14.48028,16.82458,9.49050899999999,42.501074,12.497006,20.49473,6.94854699999999
Glyma.12G071000,Glyma.12G071000.1,B,GmARF4,GmARF4_A,B,ARF,11.369516,0,8.25686999999999,15.642403,0,0,3.559222,10.921514,17.3513689999999,11.332962,0,12.382123,0,0
Glyma.12G071000,Glyma.12G071000.2,,,,B,ARF,5.96693799999999,8.041472,1.704421,4.29422999999999,0.298800999999999,3.024782,6.32399799999999,0.196040999999999,0,1.458274,2.217063,0,6.235388,2.460359
Glyma.12G076200,Glyma.12G076200.1,C,GmARF10/16,GmARF10/16_C,C,ARF,26.335605,11.584763,18.655286,20.247595,4.482571,3.59890899999999,6.56760199999999,8.931069,9.22109599999999,17.059916,0.926471999999999,4.867979,2.699865,1.715625
Glyma.12G164100,Glyma.12G164100.1,B,GmARF1,GmARF1_A,B,ARF,29.907851,25.6588479999999,21.848792,33.9780919999999,12.1586479999999,15.573356,22.344234,27.195518,37.96394,21.69255,51.46068,19.141297,21.871309,7.34793599999999
Glyma.12G171000,Glyma.12G171000.1,B,GmARF4,GmARF4_C,B,ARF,0,0,0,0,0,0,0,0,0,0,0,4.75037299999999,0,1.006833
Glyma.12G171000,Glyma.12G171000.2,,,,B,ARF,0,0,0,0,0,0,0,0,0,0,0,0,0,0
Glyma.12G171000,Glyma.12G171000.3,,,,B,ARF,5.101415,0,2.28904199999999,5.37201799999999,0.461876999999999,3.013608,3.151519,12.732037,13.912201,0,1.20191399999999,0,0,0
Glyma.12G171000,Glyma.12G171000.4,,,,B,ARF,0,2.984782,0,0,1.08553,0,5.852044,0,0,5.32110199999999,0,1.376155,1.343313,0
Glyma.12G171000,Glyma.12G171000.5,,,,B,ARF,0,0,0,0.142965,0,0,0,0,0.937799,0.296690999999999,0,0,2.911318,0
Glyma.12G171000,Glyma.12G171000.6,,,,B,ARF,0,0,0,0,0,0,0,0,0,0,0,0,0,0
Glyma.12G171000,Glyma.12G171000.7,,,,B,ARF,0,0,2.288279,0,0,0,0,3.58294999999999,2.45379499999999,0,0,0,0,0
Glyma.12G171000,Glyma.12G171000.8,,,,B,ARF,0,0.617740999999999,0,0,0,0,0.796603999999999,0,0,0,0,0,1.673626,0
Glyma.12G171000,Glyma.12G171000.9,,,,B,ARF,6.838025,3.32054399999999,1.57592,7.218668,0,6.30774599999999,3.157808,17.0485019999999,18.6614399999999,8.23781999999999,1.97487799999999,0,0,0
Glyma.12G174100,Glyma.12G174100.1,C,GmARF10/16,GmARF10/16_A,C,ARF,6.79024599999999,8.025496,9.21060899999999,12.232763,3.83593699999999,10.180705,9.6265,3.69052399999999,5.98429099999999,4.36695299999999,1.48984,2.747977,4.29489599999999,1.283087
Glyma.13G084700,Glyma.13G084700.1,C,GmARF17,GmARF17_D,C,ARF,5.67956199999999,2.629559,5.36589399999999,8.23999799999999,1.880635,3.273582,4.33943399999999,5.10371199999999,4.78386599999999,4.657751,3.92228,2.97163999999999,1.739314,3.050161
Glyma.13G112600,Glyma.13G112600.1,A,GmARF7/19,GmARF7/19_D,A,ARF,4.91388099999999,30.7605059999999,2.670874,4.93858999999999,1.48132299999999,4.065856,15.4586279999999,6.45218799999999,6.452715,3.334648,7.51223599999999,3.120943,3.037992,2.595834
Glyma.13G117100,Glyma.13G117100.1,B,GmIAA31,GmIAA31-B,B,IAA,0,0.450581999999999,0.775919,0.172291,0.135474,0,0.988941999999999,0.949002,0,0.509526999999999,0,0,0.427784,10.536075
Glyma.13G117100,Glyma.13G117100.2,,,,B,IAA,0,0,0,0,0,0,0.0635089999999999,0.0297469999999999,0,0,0,0,0,0.704845
Glyma.13G117100,Glyma.13G117100.3,,,,B,IAA,1.818835,1.050108,1.258119,0.575014,0,0.0739999999999999,1.71205699999999,1.177947,2.58512999999999,0.490271,0,1.053573,2.45126,42.994652
Glyma.13G117100,Glyma.13G117100.4,,,,B,IAA,0,0,0,0,0,0,0,0,0,0,0,0,0,0
Glyma.13G127000,Glyma.13G127000.3,B,GmIAA12-13,GmIAA12-13-C,B,IAA,5.03520099999999,14.8733609999999,2.71897499999999,4.65911899999999,2.58463099999999,4.354242,11.652196,5.34242099999999,5.31786799999999,4.462634,0.033137,3.345251,14.891714,5.57443
Glyma.13G140600,Glyma.13G140600.1,C,GmARF17,GmARF17_B,C,ARF,0.431439999999999,0.329681,0.40688,0.547244999999999,0.449081999999999,0,0.882885999999999,0.354667999999999,0.612847,0.664933,0.0712499999999999,0.497937999999999,0.444525999999999,0.213063
Glyma.13G140600,Glyma.13G140600.2,,,,C,ARF,6.946392,3.479995,3.13007599999999,4.37642699999999,2.63874599999999,2.96549199999999,4.285501,4.930721,8.4923940000000009,3.843545,2.024611,2.365339,0.758677,0
Glyma.13G159000,Glyma.13G159000.1,C,GmIAA29,GmIAA29-C,C,IAA,0.391786,0,0,0,1.716145,0,6.86500899999999,0.669448999999999,0.857079999999999,0.334479,0,0.256008,0,0
Glyma.13G174000,Glyma.13G174000.1,B,GmARF3,GmARF3_B,B,ARF,27.510148,8.54110999999999,28.506968,32.9505649999999,1.73374999999999,1.76548799999999,37.6104879999999,27.50156,62.827289,21.196458,1.032098,1.598356,2.12863999999999,0.75782
Glyma.13G174000,Glyma.13G174000.2,,,,B,ARF,0,0.525935999999999,0,0.255909,0.0813939999999999,0,1.017614,1.81743499999999,1.418679,0,0,6.18237599999999,8.38007999999999,13.602053
Glyma.13G174000,Glyma.13G174000.3,,,,B,ARF,2.12088099999999,0,7.170137,9.99962,0,8.551942,0.457633999999999,11.722765,1.291971,3.75023699999999,0,0,0,0.542018
Glyma.13G221400,Glyma.13G221400.1,A,GmARF6,GmARF6_C,A,ARF,0,7.440723,12.346282,0,0,16.5994789999999,6.20443899999999,0,0,4.97261699999999,7.48193299999999,0,0,0
Glyma.13G221400,Glyma.13G221400.2,,,,A,ARF,34.943626,18.239549,27.736611,43.916594,1.65826699999999,1.27951299999999,28.9908649999999,22.6777359999999,46.86142,20.641988,2.961649,19.9604749999999,4.11577699999999,1.477684
Glyma.13G234200,Glyma.13G234200.1,B,GmARF3,GmARF3_C,B,ARF,20.015874,16.8484249999999,15.363025,25.477957,2.369088,6.10281599999999,16.866668,19.224741,22.512072,15.032154,3.245702,13.162772,4.909548,5.517245
Glyma.13G325200,Glyma.13G325200.1,C,GmARF10/16,GmARF10/16_B,C,ARF,20.574649,28.899009,21.834941,26.015501,4.23872499999999,3.899084,4.86314099999999,14.182107,26.9631019999999,17.141114,2.404067,3.22380399999999,6.13404599999999,3.94120999999999
Glyma.13G354100,Glyma.13G354100.10,,,,B,IAA,NA,NA,NA,NA,NA,NA,NA,NA,NA,NA,NA,NA,NA,NA
Glyma.13G354100,Glyma.13G354100.11,B,GmIAA18/26/28,GmIAA18/26/28-C,B,IAA,3.557045,6.41406499999999,6.41406299999999,10.8679919999999,0.316776999999999,0.290381999999999,1.190654,9.79256499999999,8.04760899999999,7.36073,0,0,0,1.342664
Glyma.13G354100,Glyma.13G354100.6,,,,B,IAA,26.4974479999999,21.206119,33.505966,45.11628,9.20002599999999,8.47293299999999,13.900225,53.6233259999999,78.5457179999999,27.8749189999999,10.063586,5.819669,0,1.393936
Glyma.13G354100,Glyma.13G354100.7,,,,B,IAA,NA,NA,NA,NA,NA,NA,NA,NA,NA,NA,NA,NA,NA,NA
Glyma.13G354100,Glyma.13G354100.8,,,,B,IAA,14.47227,8.10863499999999,13.8896149999999,22.713118,4.00623899999999,7.05795999999999,3.85551099999999,18.0138339999999,9.055217,4.696097,3.504068,23.3896039999999,15.0316569999999,0
Glyma.13G354100,Glyma.13G354100.9,,,,B,IAA,NA,NA,NA,NA,NA,NA,NA,NA,NA,NA,NA,NA,NA,NA
Glyma.13G356600,Glyma.13G356600.1,A,GmIAA27,GmIAA27-E,A,IAA,10.320921,16.088208,19.731117,9.316204,19.0255219999999,1.278545,14.317767,2.911798,4.219405,9.52010399999999,0.0170219999999999,0.516247,17.94849,2.149832
Glyma.13G361100,Glyma.13G361100.1,A,GmIAA6/19,GmIAA6/19-A,A,IAA,5.685349,47.248758,6.945217,7.89354499999999,32.6314229999999,4.435177,74.549391,3.220193,3.438326,6.370852,0.0526859999999999,8.05295699999999,11.06221,0.954243999999999
Glyma.13G361200,Glyma.13G361200.2,,,,C,IAA,12.633845,34.132333,25.4715139999999,23.0107469999999,1.139437,0.344476999999999,22.09702,1.646924,6.96631399999999,8.25054899999999,0.084499,1.075164,0,0
Glyma.13G361200,Glyma.13G361200.3,,,,C,IAA,4.207631,27.5339999999999,38.845795,24.8224139999999,0,0,27.2460659999999,2.963733,4.52812799999999,5.88153099999999,0.320502,4.265176,0,0
Glyma.13G361200,Glyma.13G361200.4,,,,C,IAA,0,0.408244,0.112749,0.462067,0.193049,0,1.155331,0.327442999999999,0.33964,0.0850719999999999,0,0,0,0
Glyma.13G361200,Glyma.13G361200.5,C,GmIAA15,GmIAA15-A,C,IAA,1.637505,1.231066,0,0,0,0,0.078046,0,0,0,0,0,0,0.819102
Glyma.14G032700,Glyma.14G032700.1,A,GmARF6,GmARF6_F,A,ARF,13.708186,7.606123,10.6482259999999,17.42315,5.15638,7.75997999999999,8.99557,6.260302,6.847699,4.98298899999999,10.296462,5.871279,6.36521899999999,2.22782599999999
Glyma.14G032700,Glyma.14G032700.2,,,,A,ARF,24.2127969999999,16.736882,19.818321,24.024276,8.291292,16.769496,25.5369649999999,19.704864,35.9513699999999,17.789199,14.000412,2.523177,4.036692,0.814913
Glyma.14G062100,Glyma.14G062100.1,COI1,GmCOI1,GmCOI1_D,COI1,AFB/TIR1,NA,NA,NA,NA,NA,NA,NA,NA,NA,NA,NA,NA,NA,NA
Glyma.14G166500,Glyma.14G166500.1,C,GmARF17,GmARF17_E,C,ARF,NA,NA,NA,NA,NA,NA,NA,NA,NA,NA,NA,NA,NA,NA
Glyma.14G179500,Glyma.14G179500.1,AFB4/5,GmAFB4/5,GmAFB4/5_C,AFB4/5,AFB/TIR1,21.750232,21.4179689999999,15.85416,17.4358709999999,11.207461,8.50609,17.456177,22.806197,19.605122,9.95001399999999,12.500697,19.094595,14.355242,3.39486
Glyma.14G185400,Glyma.14G185400.1,A,GmIAA8-9,GmIAA8-9-G,A,IAA,19.792966,34.9553099999999,19.0188169999999,23.2356589999999,14.392753,13.204208,30.9044659999999,28.8325229999999,30.739975,19.492833,1.478317,7.17259799999999,30.4365069999999,2.826061
Glyma.14G185400,Glyma.14G185400.2,,,,A,IAA,0.645792999999999,0.892453999999999,0.375514,0.821523,1.11179,0.170143999999999,0.788746999999999,2.92363399999999,1.12395399999999,0.404969,0.046223,0.165568999999999,0.714798,0.061695
Glyma.14G208500,Glyma.14G208500.1,A,GmARF8,GmARF8_D,A,ARF,28.654153,15.700996,29.855926,38.672628,9.12439299999999,4.26428199999999,20.863664,27.408631,36.4367629999999,17.3675479999999,7.78445099999999,10.382462,5.24514899999999,0.799745999999999
Glyma.14G217700,Glyma.14G217700.1,A,GmARF5,GmARF5_A,A,ARF,8.55015299999999,3.847763,6.469495,13.376594,0.714242,2.222687,1.691862,22.197358,31.89881,9.88113899999999,11.731992,2.60419899999999,2.804241,0.04138
Glyma.15G012700,Glyma.15G012700.1,C,GmIAA15,GmIAA15-B,C,IAA,0,0,0,0,0,0.415484999999999,10.023863,1.155381,0,0,0.141027999999999,1.07658499999999,0.251881999999999,0
Glyma.15G012700,Glyma.15G012700.2,,,,C,IAA,3.39376599999999,16.0081589999999,6.49899999999999,4.35765799999999,3.69760199999999,0,40.6129499999999,0.220837,2.115498,0.980443999999999,0,0,0,0
Glyma.15G012700,Glyma.15G012700.3,,,,C,IAA,0,4.99593099999999,0,8.93499699999999,2.076731,0,29.164729,0,0,0,0,0,0.68418,0
Glyma.15G012700,Glyma.15G012700.4,,,,C,IAA,1.50891,6.827547,9.72654499999999,0,0,0,16.3884019999999,0,0,0,0,0,0,0
Glyma.15G012700,Glyma.15G012700.5,,,,C,IAA,2.804487,5.405395,0,0,2.844997,0,42.887225,0.987341,0,2.587548,0,0,0,0
Glyma.15G012800,Glyma.15G012800.1,A,GmIAA6/19,GmIAA6/19-B,A,IAA,0.17366,2.547403,1.55313499999999,0.76548,30.031869,0.0418559999999999,56.262222,0.037059,0,0.392546,0,1.908984,2.062993,0
Glyma.15G017500,Glyma.15G017500.1,A,GmIAA27,GmIAA27-F,A,IAA,10.936503,17.794125,14.915091,8.804709,15.293421,5.11060499999999,54.0201059999999,5.743871,6.24206899999999,8.07947,3.036705,3.300627,7.86221,1.807851
Glyma.15G017500,Glyma.15G017500.2,,,,A,IAA,0,2.56234299999999,0,0.304983999999999,0.790853,0,31.100809,0,0,0,0,0,0,0
Glyma.15G017500,Glyma.15G017500.3,,,,A,IAA,7.478564,13.970931,3.079994,7.193988,0,0,0,0,5.148416,8.05205199999999,0,4.67428099999999,5.53005499999999,0
Glyma.15G017500,Glyma.15G017500.4,,,,A,IAA,NA,NA,NA,NA,NA,NA,NA,NA,NA,NA,NA,NA,NA,NA
Glyma.15G020300,Glyma.15G020300.1,B,GmIAA18/26/28,GmIAA18/26/28-D,B,IAA,42.470427,19.515398,27.5271919999999,47.520291,2.92710299999999,30.024028,22.2657659999999,45.437063,75.229999,30.583841,11.723151,18.0693759999999,10.070071,0
Glyma.15G020300,Glyma.15G020300.2,,,,B,IAA,0.186345,0,0,0,0,0,0,0.296115999999999,0,0,0,5.11783799999999,0,1.454167
Glyma.15G078800,Glyma.15G078800.1,B,GmARF3,GmARF3_D,B,ARF,NA,NA,NA,NA,NA,NA,NA,NA,NA,NA,NA,NA,NA,NA
Glyma.15G091000,Glyma.15G091000.1,A,GmARF6,GmARF6_D,A,ARF,24.133924,13.9783019999999,31.4790929999999,30.63539,0.89866,2.665057,9.97956499999999,11.108567,24.4014689999999,13.87329,2.88571599999999,2.94360799999999,3.76650399999999,0.254089
Glyma.15G091000,Glyma.15G091000.2,,,,A,ARF,7.58375199999999,2.79224199999999,6.73681899999999,2.349256,0.553189999999999,0,19.413768,0,34.199074,6.46915999999999,0,0,0,0
Glyma.15G091000,Glyma.15G091000.3,,,,A,ARF,0.724775999999999,0.017661,0.465299,0.284700999999999,0.0197589999999999,0,0.551401,0.459529,0.820775999999999,0.586077999999999,0,0.327577,0,0
Glyma.15G091000,Glyma.15G091000.4,,,,A,ARF,6.66387299999999,8.241576,12.77895,20.402868,0.605504999999999,2.340603,9.515878,9.577318,0,5.546119,1.55787999999999,0,0,0
Glyma.15G142600,Glyma.15G142600.1,B,GmARF13,GmARF13_A,B,ARF,0.2974,0.808104,0.137604,1.301928,0.288683,0,0.257635999999999,0,0.749256,0.476767,0.55859,1.787285,2.231474,0.675752
Glyma.15G142600,Glyma.15G142600.2,,,,B,ARF,4.116304,2.163117,3.56324899999999,4.95791299999999,1.07031199999999,4.226359,2.48794,5.42233599999999,5.510621,1.942121,3.10644799999999,3.69268699999999,0,2.10436999999999
Glyma.15G142600,Glyma.15G142600.3,,,,B,ARF,0,0,0,0.054507,0,0,0.003702,0,0.00662499999999999,0,0,0.115189,0,0.040145
Glyma.15G181000,Glyma.15G181000.1,A,GmARF7/19,GmARF7/19_B,A,ARF,0,0,0,0.0652969999999999,0,0,0,0,0,0,0,0,1.677324,0
Glyma.15G181000,Glyma.15G181000.2,,,,A,ARF,4.032325,5.29681699999999,2.11955299999999,4.74967,1.906902,0.712287,3.85231399999999,5.30071199999999,6.11810999999999,2.602657,4.651943,3.24705699999999,2.678662,1.607938
Glyma.16G000300,Glyma.16G000300.1,B,GmARF1,GmARF1_B,B,ARF,14.781388,11.6524009999999,13.729412,18.3950439999999,9.355251,9.47866699999999,15.342007,19.271788,23.569644,11.692488,18.5860419999999,12.304855,10.567442,4.233626
Glyma.16G023600,Glyma.16G023600.1,B,GmARF11/18,GmARF11/18_A,B,ARF,5.713782,2.876151,0,7.91624199999999,0,0,2.995035,6.520308,0.990210999999999,7.04938299999999,0.167951999999999,0.41703,0,0
Glyma.16G023600,Glyma.16G023600.2,,,,B,ARF,21.273921,9.54386,18.4694469999999,22.065738,1.482088,5.689943,0.823622999999999,51.9016129999999,58.2463219999999,22.000399,0,23.922628,7.371101,1.26748299999999
Glyma.16G023600,Glyma.16G023600.3,,,,B,ARF,0,0,0,0,0,0,0,0,0,0,0,0,0,0
Glyma.16G050500,Glyma.16G050500.1,AFB2/3,GmAFB2/3,GmAFB2/3_B,AFB2/3,AFB/TIR1,55.6984199999999,35.061948,32.831068,58.5862539999999,13.107811,27.8992159999999,27.176499,82.1333329999999,87.9391969999999,38.2971829999999,47.396469,32.1385659999999,17.503017,8.945171
Glyma.16G146400,Glyma.16G146400.1,AFB2/3,GmAFB2/3,GmAFB2/3_D,AFB2/3,AFB/TIR1,4.136242,1.78561799999999,1.891779,5.01490499999999,1.140136,0.168708,1.393485,2.66525299999999,3.286036,1.715974,0.962266999999999,2.02006599999999,0.583582999999999,0.665205999999999
Glyma.17G042800,Glyma.17G042800.1,B,GmIAA31,GmIAA31-A,B,IAA,0.429375999999999,0.667911999999999,0.185491999999999,0.529038,0.0771359999999999,0,0.501545,0,0.155983,0.29259,0,0,0.731337,16.4995939999999
Glyma.17G042800,Glyma.17G042800.2,,,,B,IAA,2.121747,0.776070999999999,1.632818,2.188781,0.574601,0,1.26001199999999,0.53354,0,0.812841999999999,0,1.022971,0,51.612839
Glyma.17G047100,Glyma.17G047100.1,A,GmARF7/19,GmARF7/19_C,A,ARF,6.072287,15.007096,3.62335299999999,8.74520799999999,4.171805,4.922437,11.207317,11.6762149999999,13.8231459999999,5.66206899999999,4.130239,2.99139,3.86659599999999,0.354356
Glyma.17G112300,Glyma.17G112300.1,C,GmIAA29,GmIAA29-D,C,IAA,4.30719,12.523641,1.728406,2.534956,0.696583999999999,0.725253,12.443656,4.409866,8.999658,5.99244199999999,0,1.51017399999999,0,0.464115999999999
Glyma.17G256500,Glyma.17G256500.1,A,GmARF5,GmARF5_B,A,ARF,7.845772,2.58102799999999,3.31174299999999,17.662479,0.302999,1.222648,1.046225,28.0727249999999,24.136925,7.085973,69.18209,2.95402599999999,4.49165399999999,0.392172999999999
Glyma.18G030200,Glyma.18G030200.1,COI1,GmCOI1,GmCOI1_A,COI1-B,AFB/TIR1,14.18002,12.2785259999999,14.814836,15.0392189999999,7.17593999999999,13.089738,15.721075,10.139637,10.416625,11.0298289999999,27.271974,7.422297,29.121534,11.628273
Glyma.18G046800,Glyma.18G046800.1,A,GmARF8,GmARF8_B,A,ARF,20.466313,13.9731299999999,17.8066099999999,23.83219,5.731607,3.331042,18.295403,19.764697,28.970075,12.6305239999999,9.90257199999999,5.01328599999999,6.36670599999999,0.793587999999999
Glyma.18G184500,Glyma.18G184500.1,B,GmARF9,GmARF9_D,B,ARF,2.996375,4.035736,2.436048,5.106264,0.583017,0.121261999999999,2.217362,4.83233599999999,7.419851,3.34165799999999,2.43419799999999,0,7.26250299999999,0
Glyma.18G184500,Glyma.18G184500.2,,,,B,ARF,0,0,0,0,0,0,0,0,0,0,0,2.927546,5.28280499999999,3.166604
Glyma.18G184500,Glyma.18G184500.3,,,,B,ARF,2.17962899999999,0,0,0,0.072327,1.002915,0.072033,2.847192,0.824697,0.860264999999999,0.997794999999999,0,0,0
Glyma.19G100200,Glyma.19G100200.1,AFB2/3,GmAFB2/3,GmAFB2/3_A,AFB2/3,AFB/TIR1,42.0876829999999,43.0315799999999,27.1297339999999,42.6890009999999,13.615904,12.545145,19.2471509999999,60.919431,75.3178079999999,31.2907009999999,44.4338139999999,27.410816,21.526502,7.31321499999999
Glyma.19G161000,Glyma.19G161000.1,A,GmIAA1-4,GmIAA1-4-E,A,IAA,0.748052,29.191761,5.633725,3.284473,16.423199,3.90442899999999,21.654782,0.179914999999999,0.426678999999999,0,0.212048999999999,1.091316,3.667692,0.919005999999999
Glyma.19G161000,Glyma.19G161000.2,,,,A,IAA,0.15039,8.085547,0,0,2.35795099999999,0,5.08238599999999,0,0,0.613464,0,0.358632999999999,0,0
Glyma.19G161000,Glyma.19G161000.3,,,,A,IAA,4.47803699999999,404.803342999999,44.0777149999999,17.846549,72.73075,41.028328,177.214791999999,3.197441,2.314,2.924909,0.843634,6.919914,6.33875,0
Glyma.19G161100,Glyma.19G161100.1,A,GmIAA16,GmIAA16-G,A,IAA,6.15659199999999,108.404702,30.82654,8.523381,43.8297749999999,4.51964499999999,334.804650999999,0.817625,0.938548999999999,2.17528599999999,0.045598,1.25388799999999,31.8797299999999,15.878389
Glyma.19G168500,Glyma.19G168500.1,B,GmIAA12-13,GmIAA12-13-A,B,IAA,0.126217,0,0,0,0,0,0,0,0,0,0,0,0,0
Glyma.19G168500,Glyma.19G168500.2,,,,B,IAA,0,0,0,0,0,0,0.54496,0,0,0,0,0,0,0
Glyma.19G168500,Glyma.19G168500.3,,,,B,IAA,0,0,0,0,0.0527989999999999,0,0,0,0,0,0,0,1.493133,0
Glyma.19G168500,Glyma.19G168500.4,,,,B,IAA,0.886406999999999,0,0.046216,0.924965,0.872966,2.20168,0.147493,0.694346,0.273685999999999,0.103616,0.0348619999999999,0,0.596559999999999,0
Glyma.19G168500,Glyma.19G168500.5,,,,B,IAA,0,0.444448,0.149488,0.714357,0.942011,4.02528199999999,0.398087,0,1.108618,0.894333,0.500171999999999,0,0,2.512143
Glyma.19G168500,Glyma.19G168500.6,,,,B,IAA,1.58373999999999,0.357594,3.661131,3.60283899999999,2.38736799999999,0,0,1.768979,0,1.07804199999999,4.347664,2.52857399999999,0,0
Glyma.19G181900,Glyma.19G181900.2,C,GmARF17,GmARF17_C,C,ARF,9.972585,13.4449489999999,8.14967399999999,9.158905,1.47271299999999,6.014668,7.123335,4.354319,7.709066,7.18282,3.961215,2.851042,3.79580299999999,2.774633
Glyma.19G206100,Glyma.19G206100.1,,,,NA,ARF,2.67014199999999,0.719824,0.516924,3.700273,0.00414199999999999,0.383413,0.102208999999999,19.003864,16.3709279999999,4.90313,0.351329,1.14370599999999,0,0
Glyma.19G206800,Glyma.19G206800.1,TIR1/AFB1,GmTIR1/AFB1,GmTIR1/AFB1_A,TIR1,AFB/TIR1,29.3774799999999,13.9074449999999,22.735804,26.728168,6.48998899999999,7.57106,13.364493,20.598762,24.312187,18.931187,13.373494,25.380331,5.99410799999999,3.091861
Glyma.19G221900,Glyma.19G221900.1,B,GmIAA31,GmIAA31-C,C,IAA,0.129317999999999,0.410742,0.275903999999999,0.0346469999999999,2.61613799999999,0,0.050803,0.117385,0.388093999999999,0.247891,0,0.586623,0.678502999999999,0
Glyma.19G221900,Glyma.19G221900.2,,,,C,IAA,0.256801999999999,1.12625599999999,0,0.962693,9.51864899999999,0,0.229789999999999,0.696443999999999,2.61323799999999,0,0,0,0,0
Glyma.19G245200,Glyma.19G245200.1,A,GmIAA16,GmIAA16-D,A,IAA,20.742733,52.8810009999999,23.741349,19.3653429999999,3.41366799999999,15.263275,52.245964,8.735236,10.7157789999999,16.8023969999999,31.204788,4.62373999999999,3.24805799999999,0.721505999999999
Glyma.20G083900,Glyma.20G083900.1,C,GmIAA33,GmIAA33-A,C,IAA,NA,NA,NA,NA,NA,NA,NA,NA,NA,NA,NA,NA,NA,NA
Glyma.20G120800,Glyma.20G120800.1,C,GmIAA32/34,GmIAA32/34-B,C,IAA,0,1.01682699999999,0,0,0,4.11018599999999,2.972969,0,0,0,0,0,0,0
Glyma.20G180000,Glyma.20G180000.1,C,GmARF10/16,GmARF10/16_F,C,ARF,7.176882,2.834938,3.012621,5.605486,6.146764,1.923881,3.58647399999999,9.50091899999999,7.39110499999999,5.76968,0.230648999999999,2.55062299999999,3.168413,1.016304
Glyma.20G210400,Glyma.20G210400.1,A,GmIAA7/14/17,GmIAA7/14/17-B,A,IAA,4.16097499999999,265.136462999999,15.5286139999999,13.540402,130.804061999999,41.6646709999999,633.844119999999,1.661192,0.821471999999999,1.44442,0.244965999999999,0.972353,62.2639,0.495348
Glyma.20G210500,Glyma.20G210500.1,A,GmIAA1-4,GmIAA1-4-B,A,IAA,15.40226,14.501873,11.338583,17.4721359999999,37.0100249999999,5.38673,63.25544,2.63871399999999,9.980695,16.1915389999999,0,4.519255,17.885449,0.469146
Glyma.20G225000,Glyma.20G225000.1,A,GmIAA16,GmIAA16-B,A,IAA,83.9005829999999,259.425512,113.461714,100.588102,53.025576,53.477803,102.248656999999,92.557209,144.677356,86.1209029999999,10.7119909999999,21.058177,104.233361,53.539749
